RUSH,2012,8/12/2012 0:00,71,Lightning,315578.8,40.6153,-120.1153
RIM,2013,8/17/2013 0:00,68,Miscellaneous,255858,37.86055556,-120.0830556
ROUGH,2015,7/31/2015 0:00,98,Lightning,151623,36.87361111,-118.9047222
FRYING PAN,2014,8/11/2014 0:00,50,Lightning,115279.2,41.7725,-123.3558333
KING,2014,9/13/2014 0:00,,Missing/Undefined,97717,38.7925,-120.6022222
VALLEY,2015,9/12/2015 0:00,,Missing/Undefined,76067,38.843988,-122.759707
CHIPS,2012,7/29/2012 0:00,88,Campfire,75431,40.00694444,-121.2713889
BUTTE,2015,9/9/2015 0:00,22,Missing/Undefined,70868,38.342719,-120.695967
ROCKY,2015,7/29/2015 0:00,17,Structure,69363,39.91194,-122.49306
HAPPY,2015,7/30/2015 0:00,9,Lightning,68040.97,40.89861111,-123.4613889
LAKE,2015,6/17/2015 0:00,,Miscellaneous,51000,34.15694444,-116.9008333
EILER,2014,7/31/2014 0:00,24,Miscellaneous,47958,40.71944444,-121.5522222
BAGLEY COMPLEX,2012,8/18/2012 0:00,28,Lightning,46011,41,-122.0333333
NORTH PASS,2012,8/18/2012 0:00,59,Lightning,41983,39.86611111,-123.1291667
JOHNSON,2015,7/30/2015 0:00,92,Lightning,34006,40.55444444,-123.5011111
WHITES,2014,7/30/2014 0:00,57,Lightning,33758,41.2675,-123.0022222
BEAVER,2014,7/30/2014 0:00,70,Lightning,32496,41.92444444,-122.8797222
BALD,2014,7/30/2014 0:00,16,Lightning,31872,40.99972222,-121.6163889
POWERHOUSE,2013,5/30/2013 0:00,0,Miscellaneous,30274,34.59222222,-118.4552778
MILL,2012,7/7/2012 0:00,26,Miscellaneous,29502,39.31833333,-122.7069444
READING,2012,7/23/2012 0:00,92,Lightning,28079,40.49494,-121.45414
TGU PONDEROSA,2012,8/18/2012 0:00,21,Lightning,27676,40.3832,-121.8347
MOUNTAIN,2013,7/15/2013 0:00,133,Equipment Use,27531,33.70703,-116.72789
AMERICAN,2013,8/10/2013 0:00,59,Miscellaneous,27440,39.11888889,-120.6461111
PATTISON,2015,7/30/2015 0:00,19,Lightning,27150,40.68,-123.4166667
COMMANCHE,2011,9/10/2011 0:00,6,Lightning,25577,35.1139,-118.1667
BRECKENRIDGE COMPLEX,2011,9/10/2011 0:00,7,Lightning,25213,35.395278,-118.64
JERUSALEM,2015,8/9/2015 0:00,15,Equipment Use,25156,38.83875,-122.50264
SPRINGS,2013,5/2/2013 0:00,15,Missing/Undefined,24238,34.200976,-118.969471
ASPEN,2013,7/22/2013 0:00,48,Lightning,22992,37.27861111,-119.3180556
BUTLER,2013,7/31/2013 0:00,91,Arson,22445,41.3275,-123.3791667
GOFF,2012,8/5/2012 0:00,57,Lightning,22283,41.88611111,-123.2519444
LION,2011,7/8/2011 0:00,123,Lightning,20500,36.26777778,-118.5116667
SILVER,2013,8/7/2013 0:00,14,Missing/Undefined,20292,33.85728,-116.90633
LASSICS,2015,7/30/2015 0:00,38,Lightning,18178,40.38611111,-123.4472222
SIXTEEN COMPLEX,2012,9/4/2012 0:00,5,Arson,17944,38.94444,-122.3445
WASHINGTON,2015,6/19/2015 0:00,57,Lightning,17790,38.59805556,-119.7522222
BULL,2010,7/26/2010 0:00,36,Miscellaneous,16442,35.7852778,-118.474722
SHIELL,2015,7/30/2015 0:00,92,Lightning,15378,40.46527778,-123.0538889
PULGAS,2014,5/15/2014 0:00,,Missing/Undefined,14416,33.5719444,-117.0772222
EAGLE,2011,7/21/2011 0:00,9,Arson,14100,33.283017,-116.539044
CROWN,2010,7/29/2010 0:00,5,Equipment Use,13918,34.5453,-118.2814
FRENCH,2014,7/28/2014 0:00,21,Campfire,13837,37.27472222,-119.3372222
DAY,2014,7/30/2014 0:00,14,Lightning,13153,41.2267,-121.3619
MAN,2014,8/12/2014 0:00,0,Lightning,13110,41.53583333,-123.1633333
BULLY,2014,7/11/2014 0:00,15,Missing/Undefined,12660,40.41967,-122.7295
INDIAN,2012,8/8/2012 0:00,16,Lightning,12575,37.9028,-118.8528
LODGE COMPLEX,2014,7/30/2014 0:00,41,Miscellaneous,12535,39.833208,-123.631965
CORRAL,2013,8/10/2013 0:00,53,Lightning,12531,41.03527778,-123.4880556
BOULDER,2013,7/31/2013 0:00,62,Miscellaneous,12365,41.31027778,-123.2044444
PEAK,2015,8/2/2015 0:00,90,Lightning,12166,41.55583333,-123.7758333
JAWBONE COMPLEX,2012,8/10/2012 0:00,26,Lightning,12018,35.3419,-118.2383
BEAR,2015,7/31/2015 0:00,,Lightning,11619,41.81527778,-123.7483333
BLAKE,2015,7/30/2015 0:00,,Lightning,11430,40.60972222,-123.5594444
DEER,2013,8/23/2013 0:00,6,Miscellaneous,11429,40.03305556,-121.8755556
PICKETT,2015,7/31/2015 0:00,32,Lightning,11004,40.34305556,-123.3830556
STEWART,2012,8/13/2012 0:00,7,Lightning,10632,33.127028,-116.498985
DODGE,2015,8/3/2015 0:00,14,Equipment Use,10570,40.9636,-120.1142
LIKELY,2012,9/5/2012 0:00,46,Equipment Use,9838,41.0917,-120.4733
CANYON,2010,9/12/2010 0:00,12,Miscellaneous,9820,35.5563889,-118.601944
MCDONALD,2010,7/26/2010 0:00,15,Lightning,9408,40.9164,-120.3997
SHEEP COMPLEX,2010,7/16/2010 0:00,101,Lightning,9020,36.7667,-118.6914
RAIL,2015,7/30/2015 0:00,92,Lightning,8669,40.495,-123.1605556
GOBBLER,2015,7/30/2015 0:00,33,Lightning,8299,40.3575,-123.4413889
CLOVER,2013,9/9/2013 0:00,6,Miscellaneous,8056,40.4919,-122.4994
WRAGG,2015,7/22/2015 0:00,14,Equipment Use,8051,38.50581,-122.111542
WALKER WYE,2012,8/12/2012 0:00,7,Equipment Use,7934,39.01158,-122.44192
NICKOWITZ,2015,8/1/2015 0:00,93,Lightning,7571,41.46861111,-123.7516667
CHARIOT,2013,7/6/2013 0:00,9,Miscellaneous,7056,32.966662,-116.45733
PANTHER,2013,5/1/2013 0:00,8,Debris Burning,6965,40.18805556,-121.6019444
CABIN,2015,7/19/2015 0:00,127,Lightning,6960,36.23527778,-118.5355556
GROVES,2015,7/30/2015 0:00,92,Lightning,6797.8,40.95694444,-123.4533333
ROUND,2015,2/6/2015 0:00,10,Missing/Undefined,6533,37.4536,-118.5842
MONTICELLO,2014,7/4/2014 0:00,8,Miscellaneous,6488,38.512226,-122.10395
PEAK,2015,7/30/2015 0:00,92,Lightning,6269,40.49222222,-123.1983333
COFFEE,2014,7/29/2014 0:00,93,Lightning,6258,41.14083333,-122.8047222
SUMMIT,2013,5/1/2013 0:00,4,Missing/Undefined,5912,33.94525,-116.876917
WILLOW,2015,7/25/2015 0:00,,Arson,5702,37.262607,-119.511139
COON,2015,8/1/2015 0:00,,Lightning,5679,41.76361111,-123.9622222
LITTLE DEER,2014,7/31/2014 0:00,12,Lightning,5498,41.68166667,-122.1269444
TOMAHAWK,2014,5/14/2014 0:00,,Missing/Undefined,5367,33.3830556,-117.2636111
JOHN,2011,9/13/2011 0:00,3,Equipment Use,5353,37.1378,-118.2822
MOTOR,2011,8/25/2011 0:00,16,Equipment Use,5230,37.6625,-119.8713889
FAULKSTEIN,2014,8/11/2014 0:00,14,Lightning,5225,41.705,-123.1911111
ANTELOPE,2011,6/19/2011 0:00,2,Miscellaneous,5196,35.4842,-119.8633
THREE SLASHES,2011,8/29/2011 0:00,36,Miscellaneous,5169,33.27083333,-114.7108333
BANNER 4,2012,5/24/2012 0:00,,Missing/Undefined,5132,33.083889,-116.573333
,2011,9/23/2011 0:00,,Missing/Undefined,5050,35.261368,-120.643765
STONY,2014,6/19/2014 0:00,,Missing/Undefined,4840,35.9877778,-121.2872222
FROG,2015,7/30/2015 0:00,90,Lightning,4812,41.39833333,-121.3916667
MEADOW,2014,8/14/2014 0:00,41,Lightning,4776,37.71229,-119.509
EL PORTAL,2014,7/26/2014 0:00,38,Powerline,4748,37.67684,-119.78005
MISSION,2013,8/22/2013 0:00,3,Missing/Undefined,4500,34.398611,-119.381389
SCOTTS,2012,9/7/2012 0:00,7,Campfire,4416,39.15006,-123.05031
,2013,5/16/2013 0:00,,Missing/Undefined,4358,33.929714,-118.147584
GRAND,2013,5/15/2013 0:00,6,Miscellaneous,4346,34.81888889,-118.9108333
BUTTS,2014,7/1/2014 0:00,2,Equipment Use,4300,38.671667,-122.444722
NORTH,2015,7/17/2015 0:00,0,Miscellaneous,4250,34.33916667,-117.4777778
SAND,2014,7/25/2014 0:00,9,Miscellaneous,4240,38.553483,-120.835583
WILLIAMS,2012,9/2/2012 0:00,40,Equipment Use,4200,34.23833333,-117.8130556
SITES COMPLEX,2012,7/8/2012 0:00,5,Arson,4185,39.35442,-122.39578
STAFFORD,2012,9/5/2012 0:00,23,Miscellaneous,4047,40.5175,-123.0844444
WAY,2014,8/18/2014 0:00,0,Miscellaneous,4045,35.72611111,-118.4791667
CARL,2015,4/28/2015 0:00,,Missing/Undefined,4000,33.4211111,-117.5033333
BORDER 6,2012,5/17/2012 0:00,2,Miscellaneous,3910,32.607709,-116.242944
HATHAWAY,2013,6/6/2013 0:00,14,Campfire,3870,34.025,-116.8416667
WALKER,2015,8/14/2015 0:00,78,Miscellaneous,3676,37.87805556,-119.1591667
NELSON  W1,2012,8/17/2012 0:00,17,Lightning,3661,41.2917,-120.4269
LOG,2014,7/30/2014 0:00,0,Lightning,3632,41.55,-123.0538889
MCCABE,2013,11/22/2013 0:00,6,Miscellaneous,3505,38.8055,-122.81495
DOG,2015,7/30/2015 0:00,67,Lightning,3273,40.60888889,-123.0880556
BARKER,2015,7/31/2015 0:00,43,Miscellaneous,3261,40.6043,-123.08045
ALISO,2010,7/13/2010 0:00,2,Missing/Undefined,3225,33.321389,-117.386667
APPLEGATE,2014,10/8/2014 0:00,7,Missing/Undefined,3213,39.003838,-120.993454
QUINN,2011,6/21/2011 0:00,2,Missing/Undefined,3147,35.751944,-118.930556
CANYON,2011,9/4/2011 0:00,7,Equipment Use,3128,35.0806,-118.4233
MORGAN,2013,9/8/2013 0:00,0,Miscellaneous,3100,37.904877,-121.874159
WYE,2012,8/12/2012 0:00,,Missing/Undefined,2934,39.008838,-122.613762
TESLA,2015,8/19/2015 0:00,4,Missing/Undefined,2850,37.6205,-121.5795
BLUE,2015,7/30/2015 0:00,92,Lightning,2826,40.38694444,-123.1733333
FELIPE,2013,5/23/2013 0:00,4,Missing/Undefined,2781,33.118631,-116.527044
ROBBERS,2012,7/11/2012 0:00,,Miscellaneous,2650,39.050556,-120.897778
BUCK,2012,8/14/2012 0:00,4,Lightning,2637,33.57706,-116.88119
SHIRLEY,2014,6/13/2014 0:00,0,Miscellaneous,2546,35.70166667,-118.5441667
TURKEY,2012,7/9/2012 0:00,1,Equipment Use,2545,35.8347,-120.2525
CUESTA,2015,8/16/2015 0:00,12,Miscellaneous,2446,35.317022,-120.621168
SHELLY,2013,7/31/2013 0:00,62,Miscellaneous,2420,41.31916667,-123.1730556
LOWELL,2015,7/25/2015 0:00,18,Missing/Undefined,2304,39.209281,-120.861137
BIA SHOCKEY,2012,9/23/2012 0:00,3,Arson,2291,32.61347,-116.37986
SWEDES,2013,8/16/2013 0:00,12,Equipment Use,2264,39.443241,-121.433033
HIGHLAND,2012,6/16/2012 0:00,4,Arson,2176.7,33.86483,-116.93431
ETIWANDA,2014,4/30/2014 0:00,,Missing/Undefined,2143,34.2008333,-117.5491667
GREAT,2011,10/1/2011 0:00,7,Lightning,2134.2,35.0975,-116.4786
ANNIE,2011,8/18/2011 0:00,8,Missing/Undefined,2076,41.89975,-120.12253
FISH,2013,8/23/2013 0:00,28,Lightning,2050,36.20527778,-118.4280556
COTTON,2010,5/15/2010 0:00,5,Equipment Use,2044,35.0475,-119.9005
GRENADE,2015,4/29/2015 0:00,,Missing/Undefined,2025,33.3894444,-117.4852778
,2013,5/3/2013 0:00,,Missing/Undefined,2000,33.903319,-118.245169
CHIHUAHUA 2,2012,8/9/2012 0:00,4,Lightning,1999.9,33.399853,-116.734946
WHITE,2013,5/27/2013 0:00,0,Campfire,1984,34.54916667,-119.8013889
COLBY,2014,1/16/2014 0:00,5,Campfire,1980,34.165,-117.8477778
HORNO,2015,8/13/2015 0:00,,Missing/Undefined,1846,33.36,-117.4722222
INDIAN,2010,7/18/2010 0:00,7,Lightning,1822,35.69616,-117.96529
MDF DH COUGAR,2011,6/8/2011 0:00,12,Campfire,1800,41.655,-121.4577778
PARKHILL,2015,6/20/2015 0:00,3,Miscellaneous,1800,35.375,-120.4353
,2015,6/20/2015 0:00,,Missing/Undefined,1800,34.4496848,-119.7698258
WELLS,2011,8/27/2011 0:00,3,Lightning,1784,35.3639,-115.7739
PINE,2015,7/30/2015 0:00,,Lightning,1773,40.27138889,-123.6358333
SLOPE,2010,7/25/2010 0:00,102,Lightning,1711,37.90953,-119.68207
GEORGE,2012,6/1/2012 0:00,16,Arson,1707,36.14916667,-118.5052778
CASCADE,2012,6/16/2012 0:00,165,Lightning,1705,37.76954,-119.6753
CARSTENS,2013,6/16/2013 0:00,21,Campfire,1702,37.56388889,-119.8991667
GAINES,2012,6/12/2012 0:00,,Miscellaneous,1700,37.497222,-120.175278
CABIN,2015,8/14/2015 0:00,19,Miscellaneous,1700,34.25611111,-117.8569444
FLAT,2012,7/11/2012 0:00,8,Miscellaneous,1688,40.7775,-123.3308333
NICOLLS,2014,7/11/2014 0:00,0,Miscellaneous,1680,35.64222222,-118.1483333
BUCK,2015,7/30/2015 0:00,,Lightning,1669,40.45583333,-123.5561111
MDFDHBSFMU06LAKE,2012,8/5/2012 0:00,4,Lightning,1667,41.75138889,-120.9963889
WEST,2010,7/27/2010 0:00,10,Missing/Undefined,1658,35.058056,-118.425833
MILL,2012,8/13/2012 0:00,10,Arson,1641,40.199158,-121.654828
ROBINSON                 ,2010,6/11/2010 0:00,,Miscellaneous,1600,37.50305555,-120.41
,2011,7/25/2011 0:00,,Missing/Undefined,1600,35.16,-120.39
MCCABE,2015,7/18/2015 0:00,,Miscellaneous,1600,37.083636,-121.101557
BERNARDO,2014,5/13/2014 0:00,,Missing/Undefined,1548,32.9972222,-117.1563889
SADDLE,2015,6/9/2015 0:00,143,Lightning,1543,40.69361111,-123.5341667
EAST,2015,8/1/2015 0:00,90,Lightning,1529.8,41.01416667,-123.4677778
SODA,2011,9/3/2011 0:00,,Equipment Use,1528,35.351389,-120.005278
RUTH,2011,9/23/2011 0:00,10,Debris Burning,1460,40.23833333,-123.3225
COMBAT,2014,5/16/2014 0:00,,Missing/Undefined,1457,33.4211111,-117.5536111
CLEAR,2012,8/4/2012 0:00,7,Lightning,1452,35.52583333,-118.465
CREEK,2015,7/31/2015 0:00,0,Miscellaneous,1450,37.070409,-121.073904
SODA,2014,1/13/2014 0:00,68,Miscellaneous,1435,36.20138889,-118.5180556
SAND,2012,7/17/2012 0:00,3,Equipment Use,1428,35.1108,-118.3208
MDF DH SCORPION,2011,7/15/2011 0:00,8,Railroad,1418,41.805,-121.3627778
STEELHEAD,2015,7/30/2015 0:00,,Missing/Undefined,1404,40.1678,-123.6389
FALLS,2013,8/5/2013 0:00,9,Miscellaneous,1383.25,33.61916667,-117.4161111
GULCH,2014,9/10/2014 0:00,,Missing/Undefined,1375,40.7302778,-122.1725
CONSTANTIA,2010,7/24/2010 0:00,19,Lightning,1369,39.9489,-120.0572
POST,2010,8/24/2010 0:00,4,Miscellaneous,1312,34.8477778,-118.873889
BULLARD,2010,8/27/2010 0:00,19,Missing/Undefined,1307,39.3769444,-121.140833
SOLIMAR,2015,12/26/2015 0:00,,Missing/Undefined,1288,34.3141667,-119.3527778
GENERAL,2013,5/26/2013 0:00,5,Equipment Use,1271,33.04849,-116.520841
SAND 2,2010,7/16/2010 0:00,4,Lightning,1255,35.7767,-117.972788
BEAR CREEK,2010,10/28/2010 0:00,2,Missing/Undefined,1253,34.642222,-120.574722
MONO,2010,7/26/2010 0:00,8,Lightning,1205,37.93,-118.98
SHU DALE,2012,7/5/2012 0:00,2,Powerline,1204,40.473717,-122.480664
STAGE,2011,6/27/2011 0:00,2,Missing/Undefined,1200,35.8119,-118.8442
MDF DH MAMMOTH,2011,7/15/2011 0:00,8,Railroad,1194,41.78305556,-121.3688889
SPANISH,2012,7/18/2012 0:00,8,Miscellaneous,1151,40.7303,-120.2864
POZO,2010,8/21/2010 0:00,4,Miscellaneous,1150,35.3063889,-120.319722
HILL,2011,9/2/2011 0:00,0,Miscellaneous,1150,34.35527778,-117.4397222
RAMSEY,2012,8/11/2012 0:00,16,Campfire,1150,38.3825,-120.1613889
WOLF,2010,7/25/2010 0:00,19,Lightning,1142,38.5513889,-119.7125
FISH,2012,7/7/2012 0:00,4,Powerline,1135,37.10583,-118.26453
COVE ,2011,5/27/2011 0:00,1,Miscellaneous,1122,35.64055556,-118.3905556
MILTON,2011,9/9/2011 0:00,,Lightning,1122,37.944722,-120.843889
BUCKEYE,2011,9/25/2011 0:00,9,Lightning,1100,38.245,-119.3616667
TASSAJARA,2015,9/19/2015 0:00,8,Missing/Undefined,1100,36.391049,-121.595123
DARK HOLE,2014,7/16/2014 0:00,73,Lightning,1077,37.80538,-119.61309
POWER,2013,8/5/2013 0:00,13,Campfire,1070,38.2525,-120.0291667
AVALANCHE,2011,7/31/2011 0:00,42,Lightning,1069,37.66323,-119.70395
,2015,4/18/2015 0:00,6,Equipment Use,1049,33.884317,-117.642767
LUMPKIN,2015,9/11/2015 0:00,7,Miscellaneous,1045,39.51916667,-121.3386111
BAR,2010,7/31/2010 0:00,11,Arson,1040,40.0141667,-121.174444
GILMAN,2011,8/6/2011 0:00,2,Miscellaneous,1026.6,33.9375,-117.0817
TAMARACK,2011,9/13/2011 0:00,21,Lightning,1015,37.76636,-119.74059
MCKINLEY                 ,2010,5/20/2010 0:00,,Equipment Use,1000,33.875,-117.5061111
RUSHMORE,2012,8/4/2012 0:00,,Missing/Undefined,1000,33.933889,-116.719722
KELLEY,2014,7/26/2014 0:00,3,Missing/Undefined,1000,37.350839,-120.962832
OLD 2,2012,6/17/2012 0:00,3,Miscellaneous,995,32.71022,-116.385353
SALT CREEK,2012,8/1/2012 0:00,14,Miscellaneous,988,40.83388889,-122.3186111
HELLO,2012,8/6/2012 0:00,61,Lightning,970,41.95972222,-123.2330556
VERNON,2010,8/9/2010 0:00,87,Lightning,965,37.9968,-119.7268
SILVERADO,2014,9/12/2014 0:00,11,Miscellaneous,959.2,33.74666667,-117.5977778
WASH,2010,5/15/2010 0:00,0,Equipment Use,946,35.1131,-119.7753
MONTE,2010,8/21/2010 0:00,2,Children,930,32.8880556,-116.828333
CORRINE,2015,6/18/2015 0:00,,Miscellaneous,920,37.168791,-119.499888
BALES,2010,6/4/2010 0:00,0,Equipment Use,915.01,35.861762,-118.98563
,2013,5/19/2013 0:00,,Missing/Undefined,912,34.503787,-118.616166
PALERMO                  ,2010,7/4/2010 0:00,,Children,900,39.46694444,-121.5880556
FEEDER,2015,8/2/2015 0:00,34,Lightning,898,41.60111111,-123.8513889
PINECREST,2010,8/9/2010 0:00,0,Lightning,884,38.2283333,-119.914167
STOKES                   ,2010,8/17/2010 0:00,,Miscellaneous,879,36.57805555,-119.1711111
WILLIAMS,2015,8/2/2015 0:00,34,Lightning,870,41.58333333,-123.7516667
CAMPBELL,2014,1/2/2014 0:00,8,Campfire,865,40.065,-121.7383333
MERIDIAN,2015,10/3/2015 0:00,1,Powerline,860,39.879874,-121.919264
CENTER,2011,3/18/2011 0:00,4,Missing/Undefined,850,37.150003,-118.316397
SEVEN,2012,7/10/2012 0:00,,Missing/Undefined,840,37.726667,-120.445556
MDF DG GULCH,2014,7/3/2014 0:00,29,Railroad,840,41.46638889,-120.9241667
BEAR,2012,8/6/2012 0:00,8,Lightning,835,37.35833333,-118.9791667
METZ,2011,5/12/2011 0:00,,Miscellaneous,832,36.415833,-121.278056
COWBOY,2010,9/2/2010 0:00,4,Arson,827,32.6194,-116.5214
INDIAN,2011,9/10/2011 0:00,5,Lightning,810,35.3061,-118.5394
MORTAR,2015,4/28/2015 0:00,,Missing/Undefined,800,33.3591667,-117.3888889
1-57 DOBBYN,2015,8/1/2015 0:00,16,Lightning,788,40.2345,-123.646333
GRANITE,2011,7/9/2011 0:00,,Missing/Undefined,782,36.075786,-118.957457
PEAK,2012,7/28/2012 0:00,48,Miscellaneous,780,40.02666667,-120.415
HIGHWAY,2011,6/24/2011 0:00,,Equipment Use,767,35.589722,-120.4225
DYER,2015,7/30/2015 0:00,7,Lightning,757.39,40.88111111,-123.4513889
LAGUNA,2011,5/18/2011 0:00,12,Arson,751,32.8189,-114.5092
VOLCANO,2012,8/1/2012 0:00,,Equipment Use,726,33.521111,-117.296667
RANCHO,2013,7/19/2013 0:00,6,Miscellaneous,722,34.89055556,-118.9133333
PEDLEY,2010,5/12/2010 0:00,1,Equipment Use,716.7,34.0214,-117.4805
BEACON,2011,8/27/2011 0:00,,Arson,715,38.286667,-122.003611
LAKE,2013,5/17/2013 0:00,0,Miscellaneous,710,34.51305556,-118.6333333
CACTUS,2010,7/15/2010 0:00,1,Lightning,706,33.6669444,-116.910833
PEANUT,2015,6/11/2015 0:00,,Missing/Undefined,700,35.9707,-121.2691
FIGUEROA,2011,9/3/2011 0:00,2,Equipment Use,698,34.84944444,-120.0544444
BLUE,2011,12/1/2011 0:00,,Miscellaneous,698,38.342222,-120.365
BRIGGS,2010,7/29/2010 0:00,0,Miscellaneous,692,34.4383333,-118.281667
CIENEGA,2015,10/12/2015 0:00,4,Miscellaneous,690,36.691685,-121.340854
HILL,2012,6/23/2012 0:00,10,Miscellaneous,689,34.73111111,-118.8683333
POTATO,2010,7/24/2010 0:00,4,Lightning,686,38.22353,-119.1186
WINDY PEAK,2013,8/23/2013 0:00,76,Lightning,681,36.992,-118.61
HUNTER,2014,5/26/2014 0:00,8,Missing/Undefined,677,37.568954,-120.14159
CLARK,2015,7/31/2015 0:00,,Lightning,673,40.7454,-123.4161
ELK,2015,9/2/2015 0:00,2,Equipment Use,670,39.21277778,-122.9294444
58 COMPLEX,2011,8/3/2011 0:00,1,Powerline,665,35.2917,-119.6619
CASTLE 1,2015,7/30/2015 0:00,92,Lightning,661.6,40.72388889,-123.4941667
MDFDGBSFMU17ANTELOPE,2012,8/21/2012 0:00,25,Lightning,650,41.58277778,-120.8111111
DALTON,2014,7/2/2014 0:00,7,Lightning,641,41.72611111,-121.0316667
SUMMIT,2015,8/2/2015 0:00,,Lightning,639,41.58777778,-123.7972222
MINT,2011,9/17/2011 0:00,0,Campfire,634,34.54916667,-118.3280556
EVANS,2014,7/15/2014 0:00,3,Lightning,633,39.68138889,-120.0872222
MIGUELITO,2014,5/13/2014 0:00,,Missing/Undefined,632,34.5886111,-120.4736111
IKEA,2011,6/12/2011 0:00,0,Missing/Undefined,629,35.0242,-119.0219
CALF,2012,7/16/2012 0:00,2,Miscellaneous,620,35.3872,-120.5564
PASS,2011,8/3/2011 0:00,59,Equipment Use,616.5,39.83111111,-123.0997222
JUNCTION,2014,8/18/2014 0:00,2,Missing/Undefined,612,37.341111,-119.652778
POINSETTIA,2014,5/14/2014 0:00,,Missing/Undefined,600,33.1136111,-117.2897222
STUHR                    ,2010,6/8/2010 0:00,,Equipment Use,586,37.32805555,-121.1711111
OREGON,2014,8/24/2014 0:00,6,Miscellaneous,580,40.738912,-122.995815
DANCE,2013,7/29/2013 0:00,37,Arson,577,41.29166667,-123.5583333
REST,2011,6/26/2011 0:00,0,Miscellaneous,575,36.859,-120.788
KYBURZ,2013,7/8/2013 0:00,7,Miscellaneous,572,38.77444444,-120.2975
ONION,2011,8/22/2011 0:00,21,Lightning,560,41.13527778,-122.9766667
MDF DG GULCH 2,2014,7/3/2014 0:00,6,Railroad,556,41.47138889,-120.9369444
CALIENTE,2011,9/10/2011 0:00,0,Lightning,552,35.2689,-118.6525
WARD,2012,9/11/2012 0:00,4,Miscellaneous,550,41.08138889,-122.3263889
ANZA,2015,8/10/2015 0:00,2,Miscellaneous,550,33.55722222,-116.555
FLYNN,2011,7/21/2011 0:00,,Arson,545,37.688333,-121.615
WINDY POINT,2011,9/24/2011 0:00,2,Miscellaneous,541,33.87305556,-116.5908333
MILL 3,2013,6/28/2013 0:00,3,Arson,534,34.055406,-117.068987
FIVEMILE,2012,6/8/2012 0:00,1,Equipment Use,525,34.53111111,-118.6508333
BODFISH,2010,7/15/2010 0:00,5,Lightning,522,35.55,-118.505833
FOREST,2012,7/21/2012 0:00,,Equipment Use,520,38.817685,-122.206996
GORGONIO,2013,5/4/2013 0:00,1,Missing/Undefined,510,33.90092,-116.86553
VAN DYKE,2015,2/6/2015 0:00,7,Miscellaneous,509,38.2153,-119.2333
KNOXVILLE,2011,8/13/2011 0:00,,Missing/Undefined,506,38.724,-122.276
SKINNER                  ,2010,7/15/2010 0:00,,Lightning,503,33.63888888,-116.9880556
7-Mar,2013,7/3/2013 0:00,1,Miscellaneous,502,41.241383,-121.035
FLYNN,2011,7/14/2011 0:00,,Equipment Use,500,37.706111,-121.643333
LOOP,2014,6/30/2014 0:00,,Missing/Undefined,500,35.9646,-121.2787
SKY,2015,6/18/2015 0:00,,Missing/Undefined,500,37.3855,-119.6087
SPANISH,2011,7/1/2011 0:00,,Equipment Use,498,40.184817,-124.25805
VISTA,2012,8/20/2012 0:00,1,Missing/Undefined,496,33.63872,-117.05356
KIRKER,2013,7/1/2013 0:00,0,Miscellaneous,492,37.970333,-121.921833
BRANCH,2013,6/1/2013 0:00,0,Miscellaneous,490,35.16944444,-120.0422222
ROMERO,2011,7/23/2011 0:00,,Missing/Undefined,489,37.083611,-121.101389
LONG,2011,9/13/2011 0:00,22,Lightning,483,38.75277778,-120.2008333
ROLLING,2013,6/16/2013 0:00,2,Miscellaneous,480,37.01745,-119.7939
VALLEY,2014,6/6/2014 0:00,2,Equipment Use,480,37.600389,-120.191168
DIABLO                   ,2010,6/18/2010 0:00,,Miscellaneous,475,37.79,-121.605
HARPER,2011,9/10/2011 0:00,2,Lightning,465,35.3881,-118.5225
I5 WX,2010,6/6/2010 0:00,0,Miscellaneous,462,36.943708,-120.903678
LEGRAND,2010,6/5/2010 0:00,0,Miscellaneous,462,37.287216,-120.243087
BUCKHORN,2010,8/8/2010 0:00,114,Lightning,460,37.5444444,-119.213056
DOBIE,2014,7/1/2014 0:00,1,Lightning,456,41.78305556,-121.3494444
SOUTH COMPLEX,2012,8/10/2012 0:00,5,Lightning,453,36.5244,-117.5506
KELLER,2011,8/29/2011 0:00,,Equipment Use,450,33.6125,-117.130278
WATER,2013,7/23/2013 0:00,2,Missing/Undefined,450,35.0847,-118.9744
RIVER,2013,9/10/2013 0:00,2,Miscellaneous,439,35.46388889,-118.7544444
,2014,5/14/2014 0:00,2,Missing/Undefined,438,33.314267,-117.154967
BASELINE                 ,2010,8/20/2010 0:00,,Miscellaneous,434,38.75194444,-121.3930556
BILLY,2012,5/31/2012 0:00,0,Powerline,434,37.02015,-120.990633
FREMONT,2013,5/26/2013 0:00,2,Missing/Undefined,432,37.29527778,-120.9233333
TRIPLE 3,2015,7/21/2015 0:00,5,Miscellaneous,430,36.08787,-118.816699
GUN CLUB,2014,7/24/2014 0:00,1,Miscellaneous,422,37.231241,-120.905422
BORDER 9,2011,6/20/2011 0:00,2,Campfire,420,32.622659,-116.082972
LASSEN,2012,6/12/2012 0:00,,Missing/Undefined,418,36.255348,-120.103598
TENAYA,2015,9/7/2015 0:00,8,Lightning,415,37.76818,-119.57735
GOBBLERS,2013,8/19/2013 0:00,71,Lightning,413,34.31916667,-117.6133333
RIVER,2013,2/24/2013 0:00,5,Missing/Undefined,407,36.601333,-118.034833
BLACK,2014,9/13/2014 0:00,4,Equipment Use,403,39.25505,-123.126017
LICK,2012,8/6/2012 0:00,71,Lightning,402,41.98,-123.1730556
,2014,6/4/2014 0:00,0,Miscellaneous,402,37.716683,-120.444417
TENANT,2013,8/18/2013 0:00,1,Lightning,400,35.55027778,-118.6655556
,2014,6/19/2014 0:00,0,Debris Burning,400,37.232253,-120.948757
SWEDES,2015,7/29/2015 0:00,18,Debris Burning,400,39.431167,-121.4025
WINTERTON,2011,3/2/2011 0:00,,Debris Burning,395,36.638056,-118.069722
YORK 2-3,2015,7/4/2015 0:00,0,Lightning,395,41.829833,-122.407933
NORTH,2012,7/28/2012 0:00,3,Arson,393,39.12439,-123.12267
,2015,6/24/2015 0:00,,Missing/Undefined,390,34.566666,-118.866666
GULCH,2012,6/19/2012 0:00,1,Fireworks,385,35.6578,-118.4839
INDIAN U,2010,8/24/2010 0:00,1,Miscellaneous,384,39.15467,-122.56508
SHIRLEY,2013,8/18/2013 0:00,1,Lightning,383,35.70444444,-118.5883333
CATTLEMAN 2,2011,5/29/2011 0:00,,Miscellaneous,382,36.044722,-120.917222
TENNESSEE,2011,9/11/2011 0:00,,Miscellaneous,380,35.976667,-118.84
ROAD,2015,7/30/2015 0:00,8,Lightning,378.68,40.92166667,-123.4630556
WEB,2014,7/28/2014 0:00,4,Equipment Use,378,39.967083,-121.670017
VIEW,2012,6/17/2012 0:00,2,Equipment Use,376,33.94622,-116.66617
PUTAH,2013,10/3/2013 0:00,0,Missing/Undefined,376,38.625233,-122.2296
OASIS 4,2011,8/27/2011 0:00,0,Lightning,375,34.44305556,-117.6622222
DUTCH,2010,7/31/2010 0:00,10,Miscellaneous,371,41.8758333,-122.717778
THIRTY ONE 2,2014,8/9/2014 0:00,0,Miscellaneous,370,38.561885,-121.98539
RANGE,2012,9/29/2012 0:00,3,Miscellaneous,363.6,33.88369,-116.88764
OZENA,2012,6/16/2012 0:00,1,Arson,361,34.75527778,-119.3205556
166 FIRE,2010,7/12/2010 0:00,2,Lightning,360,34.9638889,-119.842222
KRISTA,2011,7/9/2011 0:00,,Powerline,360,39.235556,-121.3475
IONE,2015,7/2/2015 0:00,0,Arson,357,38.440617,-121.075167
TRES PINOS,2013,5/3/2013 0:00,0,Equipment Use,354,36.800633,-121.327117
HAUGHTELIN,2010,5/6/2010 0:00,11,Arson,352,32.7775,-114.5775
WHITES                   ,2010,6/7/2010 0:00,,Equipment Use,350,36.73388888,-120.2230556
KEN,2011,8/22/2011 0:00,1,Equipment Use,350,34.24472222,-117.4255556
MUD SPRINGS,2011,9/23/2011 0:00,,Miscellaneous,350,36.472139,-119.147871
DEVORE,2012,11/5/2012 0:00,0,Equipment Use,350,34.23972222,-117.4469444
GRAPE,2012,7/28/2012 0:00,0,Missing/Undefined,350,34.925,-118.9286
166,2011,7/12/2011 0:00,0,Missing/Undefined,347,34.9639,-119.8417
WAGON,2011,9/5/2011 0:00,1,Structure,345,34.48933,-118.36264
SALT,2011,12/1/2011 0:00,6,Equipment Use,342,38.74416667,-120.6680556
BEALE AFB BEALE,2013,6/15/2013 0:00,0,Missing/Undefined,340,39.113033,-121.359983
ROADRUNNER,2011,9/4/2011 0:00,,Missing/Undefined,335,36.007778,-118.910833
,2013,1/22/2013 0:00,1,Debris Burning,335,38.95805,-122.78405
,2014,1/4/2014 0:00,4,Debris Burning,333,40.806217,-123.79
HEALD,2012,8/4/2012 0:00,7,Lightning,331,35.58027778,-118.2975
METSON,2010,5/15/2010 0:00,0,Debris Burning,330,35.1706,-119.278
EASTMAN,2011,6/24/2011 0:00,,Miscellaneous,330,37.887897,-120.838979
HERLONG,2011,7/15/2011 0:00,2,Miscellaneous,325,40.1322,-120.1561
WOODS CREEK,2012,7/15/2012 0:00,94,Lightning,325,36.8753,-118.4733
MIDDLE,2015,7/27/2015 0:00,104,Lightning,325,37.84938,-119.69577
HIGHWAY,2015,11/21/2015 0:00,,Missing/Undefined,323,33.8434,-114.5306
EMIGDIO,2012,6/29/2012 0:00,0,Missing/Undefined,320,34.9142,-119.2067
RIVER,2012,5/18/2012 0:00,,Missing/Undefined,320,37.350839,-120.962831
COURTNEY,2014,9/14/2014 0:00,6,Miscellaneous,320,37.31333333,-119.6061111
,2013,7/7/2013 0:00,,Equipment Use,320,34.8698,-118.8881
DILLON,2012,8/3/2012 0:00,5,Equipment Use,318,41.58722222,-123.5172222
YORK,2015,7/30/2015 0:00,31,Lightning,316,40.77888889,-123.4366667
DOG ROCK,2014,10/7/2014 0:00,26,Equipment Use,312,37.67689,-119.7463
DEER,2015,8/18/2015 0:00,,Missing/Undefined,311,35.17,-118.7661111
WILLOWS,2011,9/4/2011 0:00,1,Arson,310,35.95305556,-118.4913889
HIGH GLADE,2013,11/23/2013 0:00,6,Equipment Use,305,39.23527778,-122.8016667
SUMMIT,2013,10/4/2013 0:00,1,Miscellaneous,305,39.439017,-121.492817
1-51 WILDCAT,2015,8/1/2015 0:00,15,Lightning,304,40.2335,-123.691833
SHELTON,2013,5/30/2013 0:00,0,Equipment Use,303,38.065033,-120.939983
PALA,2011,8/30/2011 0:00,1,Powerline,300,33.3761,-117.0803
NEEDLES 2,2011,4/26/2011 0:00,5,Campfire,300,34.8289,-114.5842
,2011,9/10/2011 0:00,,Lightning,300,34.420029,-119.703379
CALIENTE,2012,8/4/2012 0:00,2,Lightning,300,35.4425,-119.078
QUAIL,2012,8/12/2012 0:00,4,Lightning,300,33.9822,-116.223503
TWENTY NINE,2012,10/18/2012 0:00,,Miscellaneous,300,38.859444,-122.628611
PASKENTA 2,2012,7/25/2012 0:00,,Miscellaneous,300,39.885,-122.555
FOSTER,2013,5/3/2013 0:00,2,Debris Burning,300,39.455167,-123.177267
JURUPA,2013,2/28/2013 0:00,2,Missing/Undefined,300,33.98105,-117.423533
WARM,2015,8/16/2015 0:00,2,Arson,300,34.60777778,-118.5625
FOREBAY FIRE,2015,5/11/2015 0:00,0,Missing/Undefined,300,37.081942,-121.091347
BOWEN,2011,6/9/2011 0:00,1,Arson,299,34.3517,-117.1522
LONE,2013,6/3/2013 0:00,1,Missing/Undefined,298,39.43905,-121.57685
TECOLOTE,2014,8/17/2014 0:00,7,Miscellaneous,295,34.26222222,-117.8644444
COW INCIDENT U,2010,8/1/2010 0:00,5,Miscellaneous,293,39.166908,-123.0692
ROMERO                   ,2010,7/29/2010 0:00,,Miscellaneous,292,37.08388888,-121.1011111
EASTMAN,2011,7/21/2011 0:00,,Missing/Undefined,292,37.140429,-120.019869
BRIDGE,2014,9/5/2014 0:00,,Miscellaneous,290,37.575745,-119.898135
1-58 BLOCKSBURG,2015,8/1/2015 0:00,15,Lightning,284,40.264167,-123.6325
CHORRO,2015,8/2/2015 0:00,9,Miscellaneous,282,34.59694444,-119.3305556
FINE                     ,2010,6/22/2010 0:00,,Miscellaneous,275,37.03805555,-119.6488889
WHEATS,2012,8/6/2012 0:00,4,Lightning,275,38.385,-119.9477778
RIDGE,2013,8/18/2013 0:00,78,Lightning,275,40.07222222,-120.8716667
WINDMILL,2015,4/12/2015 0:00,,Missing/Undefined,275,33.3072222,-117.3063889
GUN,2014,3/8/2014 0:00,1,Miscellaneous,270,32.81388889,-116.4927778
HOG,2011,7/30/2011 0:00,6,Lightning,267.5,40.803695,-120.040487
BIG FIVE,2015,6/17/2015 0:00,138,Lightning,265,36.480203,-118.488503
LYON,2013,9/8/2013 0:00,4,Miscellaneous,263,32.71305556,-116.7472222
SLIDES,2012,9/2/2012 0:00,0,Miscellaneous,262,35.99972222,-118.4680556
HIGHLINE,2013,4/1/2013 0:00,14,Miscellaneous,261.7,32.69785,-115.27739
CASINO,2012,6/9/2012 0:00,,Missing/Undefined,260,38.729167,-122.141944
ANNIE,2010,8/2/2010 0:00,2,Missing/Undefined,257,41.89978,-120.08328
EASTMAN,2011,6/11/2011 0:00,,Arson,257,37.88925,-120.838682
LAKEPOINTE,2012,5/27/2012 0:00,,Missing/Undefined,256,33.847778,-117.461389
MESA,2010,8/25/2010 0:00,1,Campfire,255,32.9475,-116.770833
JULIET,2011,7/30/2011 0:00,1,Miscellaneous,255,36.02864,-118.79761
BALDHILL 3,2014,9/12/2014 0:00,28,Equipment Use,255,41.13,-123.7519
TRACT 17 ,2014,9/17/2014 0:00,2,Debris Burning,253.1,39.413431,-122.180744
BRANCH 2,2012,9/4/2012 0:00,,Arson,251,38.901667,-122.253056
NEES                     ,2010,6/4/2010 0:00,,Equipment Use,250,36.85111111,-120.5630556
CREEK                    ,2010,6/26/2010 0:00,,Miscellaneous,250,35.33111111,-120.7330556
OLD,2011,9/23/2011 0:00,1,Lightning,250,37.1067,-119.0017
,2011,11/3/2011 0:00,,Miscellaneous,250,36.692813,-121.569209
DELUZ FIRE,2013,10/6/2013 0:00,1,Missing/Undefined,250,33.4631,-117.3325
BEALE AFB GRASS VALLEY GA,2013,9/10/2013 0:00,0,Missing/Undefined,250,39.118917,-121.331083
RICHVALE,2015,10/13/2015 0:00,0,Equipment Use,250,39.493974,-121.735458
PETERSON,2015,8/22/2015 0:00,5,Equipment Use,250,38.925706,-122.879125
POWER,2012,9/1/2012 0:00,,Miscellaneous,248,40.875955,-121.717781
TIERNEY,2015,7/30/2015 0:00,,Lightning,247,40.44666667,-123.5672222
SOUTH,2012,7/29/2012 0:00,4,Miscellaneous,246,35.5803,-118.2992
FIDDYMENT,2012,6/14/2012 0:00,,Missing/Undefined,245,38.838916,-121.349381
SHARP,2013,8/8/2013 0:00,0,Arson,245,34.34083333,-117.6205556
MADRE,2013,9/23/2013 0:00,0,Miscellaneous,245,34.16444444,-117.9016667
,2012,8/16/2012 0:00,,Missing/Undefined,245,35.6155,-118.8388333
COAL,2012,9/21/2012 0:00,1,Miscellaneous,241,40.81388889,-122.3211111
VASCO,2013,6/8/2013 0:00,0,Smoking,241,37.771333,-121.7397
,2015,5/28/2015 0:00,0,Miscellaneous,241,37.765667,-121.65525
,2015,4/20/2015 0:00,0,Debris Burning,240,39.204567,-123.0562
CALGROVE,2015,6/24/2015 0:00,1,Miscellaneous,238,34.34833333,-118.5355556
CONCORD,2013,7/1/2013 0:00,0,Missing/Undefined,235,37.911167,-121.7345
,2011,8/29/2011 0:00,,Miscellaneous,233,33.36720117,-117.0762904
SUNNYSIDE                ,2010,8/8/2010 0:00,,Miscellaneous,232,40.32888888,-120.545
WINDY,2013,8/31/2013 0:00,2,Arson,231,36.06606,-118.65556
,2014,6/17/2014 0:00,0,Missing/Undefined,231,37.864583,-120.8508
MARR,2012,8/12/2012 0:00,2,Lightning,230,40.8467,-120.1653
CHENEY,2012,9/13/2012 0:00,,Miscellaneous,230,40.403611,-120.686111
RANGE,2011,5/28/2011 0:00,0,Equipment Use,229,34.775,-118.5675
BOLES,2014,9/15/2014 0:00,5,Arson,229,41.421039,-122.381179
BALLOON,2010,5/28/2010 0:00,0,Debris Burning,228,37.23333333,-120.8811111
GS DAVES,2013,6/12/2013 0:00,3,Lightning,226,39.75,-122.6888889
,2014,6/13/2014 0:00,0,Missing/Undefined,225,40.019517,-122.358083
140,2014,7/26/2014 0:00,1,Missing/Undefined,225,37.306317,-120.77841
SCHOOL,2014,4/30/2014 0:00,0,Miscellaneous,224,34.92552326,-119.4054745
ROBERTS,2010,7/24/2010 0:00,2,Lightning,220,39.7242,-120.0814
BEE,2011,6/5/2011 0:00,2,Miscellaneous,220,32.59264,-116.76231
BORDER 15,2011,7/13/2011 0:00,0,Miscellaneous,220,32.5594,-116.8367
OAK,2012,6/28/2012 0:00,4,Debris Burning,220,41.632185,-122.839718
TRONA,2011,5/22/2011 0:00,0,Campfire,217,35.41025,-117.58669
DERRICK,2011,5/22/2011 0:00,,Equipment Use,217,36.194722,-120.391111
306,2013,5/1/2013 0:00,1,Debris Burning,217,39.52245,-122.5718
RANCHERIA,2010,6/29/2010 0:00,0,Miscellaneous,215,35.465,-118.825556
RELIZ,2011,8/16/2011 0:00,2,Equipment Use,215,36.18388889,-121.2513889
FIDDLERS,2013,7/9/2013 0:00,0,Missing/Undefined,215,40.377222,-122.7275
WEST,2011,9/23/2011 0:00,,Missing/Undefined,214,36.246111,-120.315278
GRAPEVINE,2012,6/19/2012 0:00,,Miscellaneous,214,34.91271667,-118.895
241,2015,7/13/2015 0:00,,Missing/Undefined,214,33.7236111,-117.7163889
TASSAJARA,2013,7/17/2013 0:00,2,Campfire,213,36.24305556,-121.5663889
CHINA,2015,7/29/2015 0:00,3,Miscellaneous,212,40.5033,-122.3961
MESA,2015,6/29/2015 0:00,,Missing/Undefined,211,34.6933333,-120.4308333
WEST BUTTE,2011,5/14/2011 0:00,,Missing/Undefined,209.6,39.157222,-121.791389
STEPHENS,2015,2/24/2015 0:00,,Debris Burning,209,41.48472222,-121.8663889
,2013,10/11/2013 0:00,0,Missing/Undefined,208,36.952533,-120.3826
DEER,2013,5/2/2013 0:00,0,Arson,207,36.026033,-118.92015
BUTTERMILK,2011,5/25/2011 0:00,3,Campfire,206,37.29694444,-118.6127778
COBBLE,2011,6/24/2011 0:00,,Missing/Undefined,206,37.82,-120.7775
BEE,2013,8/9/2013 0:00,0,Miscellaneous,206,34.56694444,-118.4675
HILL,2014,6/23/2014 0:00,,Missing/Undefined,206,35.9716,-121.2663
BUCKEYE                  ,2010,9/6/2010 0:00,,Miscellaneous,205,40.32111111,-124.2288889
BIG CREEK,2015,7/29/2015 0:00,6,Debris Burning,204,37.82,-120.1436111
GRANITE,2010,8/19/2010 0:00,31,Missing/Undefined,203,35.667222,-118.742778
BALD,2011,6/24/2011 0:00,5,Lightning,203,37.84704,-119.79055
BLUFORD,2015,7/30/2015 0:00,,Lightning,202,40.23305556,-123.5213889
FAIRFAX                  ,2010,5/18/2010 0:00,,Miscellaneous,200,36.85111111,-120.5630556
,2010,7/10/2010 0:00,,Miscellaneous,200,37.63194444,-121.5388889
LAKE                     ,2010,10/9/2010 0:00,,Equipment Use,200,35.76111111,-120.885
ARBRUA WX,2010,6/6/2010 0:00,0,Miscellaneous,200,36.84485,-120.965964
TOWN,2010,8/24/2010 0:00,1,Missing/Undefined,200,34.960556,-119.055278
HILLSIDE,2012,7/3/2012 0:00,0,Miscellaneous,200,34.5825,-118.2233333
SODA,2012,2/23/2012 0:00,,Debris Burning,200,38.435148,-122.296923
JACK SLOUGH RD / KIMBALL,2012,7/21/2012 0:00,,Missing/Undefined,200,39.294144,-121.51876
SIERRA,2013,9/24/2013 0:00,0,Miscellaneous,200,34.24972222,-117.4127778
VINA,2013,7/4/2013 0:00,0,Lightning,200,39.996917,-122.052283
,2013,4/1/2013 0:00,,Missing/Undefined,200,32.679243,-115.531213
NEAL,2013,5/22/2013 0:00,0,Miscellaneous,200,39.666883,-121.7329
PINES,2015,7/17/2015 0:00,3,Miscellaneous,200,34.37722222,-117.6861111
FORBIDDEN,2013,5/21/2013 0:00,122,Lightning,198,37.7558,-119.6056
,2015,8/14/2015 0:00,,Smoking,198,34.23019856,-118.793919
DEEP,2011,7/3/2011 0:00,,Miscellaneous,197,34.415556,-117.138611
KECKS,2012,7/8/2012 0:00,0,Missing/Undefined,197,35.7358,-120.0269
LILLY 2,2013,5/19/2013 0:00,1,Miscellaneous,195.6,37.207689,-119.797779
PASKENTA,2013,7/19/2013 0:00,0,Miscellaneous,195,39.961317,-122.330883
COYOTE,2013,5/6/2013 0:00,0,Equipment Use,195,36.06565,-118.87265
VASCO,2015,7/30/2015 0:00,0,Equipment Use,195,37.833167,-121.681333
FLYNN 3,2012,10/1/2012 0:00,3,Miscellaneous,195,39.261827,-123.593129
MIDDLE,2011,7/22/2011 0:00,,Equipment Use,194,38.2975,-120.749722
COLLIER,2011,12/1/2011 0:00,,Miscellaneous,193,37.7706,-121.837233
HART,2015,7/5/2015 0:00,4,Lightning,193,35.2892,-115.1919
,2013,7/9/2013 0:00,,Missing/Undefined,193,35.616666,-118.9
SKU OAK,2012,6/28/2012 0:00,7,Missing/Undefined,192,40.6325,-122.8592
GARZA,2011,8/22/2011 0:00,,Equipment Use,190,33.810278,-117.2675
CANYON,2011,6/19/2011 0:00,,Powerline,190,36.74,-119.366944
DUCOR 2,2011,10/26/2011 0:00,,Missing/Undefined,190,35.868094,-118.983901
SHOEMAKER,2014,8/14/2014 0:00,10,Lightning,190,34.26083333,-117.7602778
ENCINAL,2014,3/19/2014 0:00,2,Miscellaneous,190,36.631359,-121.481988
CANYON 2,2011,8/10/2011 0:00,0,Children,189,34.91916667,-119.7330556
BITTERWATER,2011,5/2/2011 0:00,,Missing/Undefined,187,35.571653,-120.125079
ANTELOPE                 ,2010,10/26/2010 0:00,,Equipment Use,185,35.72694444,-120.195
WARNER,2013,8/19/2013 0:00,8,Lightning,185,41.033933,-121.540517
KEMPER,2014,8/11/2014 0:00,18,Lightning,185,41.92305556,-123.4308333
GOLD,2013,4/30/2013 0:00,0,Missing/Undefined,183,37.097833,-119.639133
CURRY                    ,2010,8/24/2010 0:00,,Miscellaneous,180,37.88,-121.8680556
BEAVER                   ,2010,7/12/2010 0:00,,Miscellaneous,180,41.07,-121.295
OTAY 3,2012,6/20/2012 0:00,,Missing/Undefined,180,32.651389,-116.853611
MERWIN,2015,7/1/2015 0:00,3,Missing/Undefined,180,33.8919,-117.129706
ANGORA,2013,9/8/2013 0:00,12,Lightning,179,36.26222222,-118.4641667
FELIPE,2010,7/15/2010 0:00,0,Lightning,177.3,33.1444,-116.5267
BANNER,2014,7/3/2014 0:00,3,Arson,176.8,33.080208,-116.57216
GRAPE,2011,8/16/2011 0:00,0,Missing/Undefined,175,34.8997,-118.9225
I 580  / GRANT LINE RD,2011,6/14/2011 0:00,,Missing/Undefined,170,37.735367,-121.5534
WILDCAT 2,2015,6/17/2015 0:00,2,Miscellaneous,170,32.9422,-116.8403
BLACK,2015,7/4/2015 0:00,0,Missing/Undefined,170,39.827987,-122.371099
CREEK,2015,9/9/2015 0:00,,Miscellaneous,168,36.687835,-119.179813
BITTER,2012,8/31/2012 0:00,,Miscellaneous,167,35.55728,-120.107486
FLAT,2015,8/20/2015 0:00,,Missing/Undefined,167,35.5968333,-118.724
THUNDERHILL RANCH ELKCK,2012,7/7/2012 0:00,0,Equipment Use,166,39.5352,-122.342983
PFE,2013,6/13/2013 0:00,0,Missing/Undefined,164,38.728883,-121.391083
HARVEST,2013,5/3/2013 0:00,0,Equipment Use,164,32.577517,-116.942817
50,2013,7/19/2013 0:00,0,Miscellaneous,163,38.650517,-121.07745
,2013,11/4/2013 0:00,1,Equipment Use,163,38.681933,-122.0841
OLD,2013,8/18/2013 0:00,2,Equipment Use,162,34.18119,-118.7
BURNT,2015,10/20/2015 0:00,24,Lightning,161,36.933497,-118.7333
COALINGA                 ,2010,7/15/2010 0:00,,Equipment Use,160,36.13805555,-120.1638889
TRILOGY,2011,6/2/2011 0:00,4,Miscellaneous,160,33.75638889,-117.5102778
BARRETT,2011,8/27/2011 0:00,1,Lightning,160,32.667395,-116.650647
HIGHWAY,2011,5/6/2011 0:00,,Miscellaneous,160,36.246111,-120.315556
LASSEN,2011,6/1/2011 0:00,,Equipment Use,160,36.226259,-120.121759
CARY,2012,6/29/2012 0:00,3,Structure,160,33.56808,-116.7355
CHANCE,2015,7/30/2015 0:00,92,Lightning,160,40.67277778,-123.6016667
,2013,9/22/2013 0:00,,Missing/Undefined,160,35.633333,-118.95
,2013,10/4/2013 0:00,0,Smoking,159,38.346017,-122.648117
CANAL F# 72              ,2010,9/5/2010 0:00,,Miscellaneous,158,36.53111111,-119.2169444
LAKEVILLE,2013,7/26/2013 0:00,0,Equipment Use,158,38.18155,-122.5341
QUEEN,2015,7/25/2015 0:00,7,Arson,158,41.34395,-123.785267
VALLEY 2,2014,8/5/2014 0:00,0,Miscellaneous,157.3,36.638888,-119.208611
EAGLE,2013,8/20/2013 0:00,0,Miscellaneous,157,37.724917,-121.881111
OAK,2010,11/5/2010 0:00,0,Children,156,35.906942,-121.014319
WETSEL                   ,2010,11/3/2010 0:00,,Equipment Use,155,38.62694444,-121.0919444
DOG BAR,2014,9/13/2014 0:00,5,Missing/Undefined,155,39.128017,-121.012797
CUTCA,2015,7/24/2015 0:00,8,Lightning,150.4,33.38361111,-116.8677778
GRANT                    ,2010,6/11/2010 0:00,,Equipment Use,150,37.75388888,-121.575
STATION,2010,6/27/2010 0:00,1,Arson,150,36.03603,-118.77614
BASE,2010,8/22/2010 0:00,0,Missing/Undefined,150,35.915833,-118.923889
MOMYER,2011,5/8/2011 0:00,12,Miscellaneous,150,34.10111111,-116.9102778
PUNCH,2011,9/19/2011 0:00,0,Lightning,150,38.23555556,-119.9622222
JAWBONE2,2011,8/1/2011 0:00,2,Lightning,150,35.3036,-118.1528
HART,2011,9/10/2011 0:00,5,Lightning,150,35.25,-118.3667
WARE ROAD,2011,11/1/2011 0:00,0,Equipment Use,150,39.109322,-122.049163
BILLY'S ORCHARD,2011,6/24/2011 0:00,0,Miscellaneous,150,37.03833333,-120.9463889
VOLTA ORCHARD,2011,7/16/2011 0:00,0,Miscellaneous,150,37.00916667,-120.9230556
N BUHACH RD  WINTON,2011,7/10/2011 0:00,,Arson,150,37.411466,-120.57596
GRAHAM,2012,7/25/2012 0:00,7,Equipment Use,150,37.88944444,-120.1783333
,2012,6/29/2012 0:00,,Miscellaneous,150,34.91028333,-119.2091667
JOHNSON,2013,8/19/2013 0:00,77,Lightning,150,40.06666667,-120.8594444
GOOD ENOUGH,2013,4/8/2013 0:00,1,Missing/Undefined,150,34.4203,-118.9255
7,2013,10/2/2013 0:00,1,Missing/Undefined,150,39.54527778,-121.9444444
REDLANDS,2013,7/16/2013 0:00,1,Missing/Undefined,150,33.99265,-117.153767
,2013,10/4/2013 0:00,0,Miscellaneous,150,37.755,-121.7868
DELTA,2014,8/11/2014 0:00,18,Lightning,150,41.79277778,-123.3613889
PINE,2014,3/14/2014 0:00,0,Equipment Use,150,34.75972222,-118.7222222
SKY,2015,7/6/2015 0:00,,Miscellaneous,150,38.409713,-122.069106
CREEK 6,2012,9/4/2012 0:00,0,Equipment Use,150,40.621373,-122.012143
CURIE,2014,6/30/2014 0:00,0,Children,150,37.2225,-121.808333
CALIENTE,2012,8/4/2012 0:00,,Lightning,149,35.154911,-119.967286
,2013,5/28/2013 0:00,,Miscellaneous,149,34.7,-118.983333
SMARTVILLE,2011,8/17/2011 0:00,,Miscellaneous,148,39.169167,-121.439167
MDF DH SISTERS,2012,10/11/2012 0:00,4,Equipment Use,147.5,41.77194444,-121.4455556
MDFDGBSFMU25BIRTHDAY,2010,7/28/2010 0:00,1,Lightning,147,41.6913889,-120.546667
PATTERSON,2011,8/23/2011 0:00,,Equipment Use,147,37.672433,-121.623083
WINCHESTER,2015,7/30/2015 0:00,,Missing/Undefined,147,40.1865,-123.6694
SHU LIGHTNING 2-4,2012,8/19/2012 0:00,,Lightning,146,40.733333,-121.925167
HORSE,2015,8/18/2015 0:00,11,Lightning,146,40.105883,-124.07205
,2015,7/4/2015 0:00,,Arson,145,38.315851,-122.003337
COPCO,2012,8/18/2012 0:00,1,Miscellaneous,144,34.75111111,-118.7708333
NEW SUB,2012,4/2/2012 0:00,5,Arson,143,32.7483,-114.5875
HIGHLINE,2012,6/1/2012 0:00,2,Arson,142.4,33.16742,-115.40386
RIDGE,2011,8/28/2011 0:00,5,Lightning,142,32.71861111,-116.4816667
FERN ROAD EAST RD  WHIT 9,2012,8/18/2012 0:00,,Miscellaneous,142,40.690144,-121.921937
GRANITE II,2011,8/13/2011 0:00,2,Lightning,140,34.5786,-117.0375
YEAGER,2011,8/11/2011 0:00,,Equipment Use,140,39.1375,-121.312222
HEIGHTS,2013,8/18/2013 0:00,78,Lightning,140,40.07916667,-120.8738889
MURPHY,2013,6/2/2013 0:00,0,Missing/Undefined,140,37.912683,-120.339017
AVE 6  / EASTSIDE DR,2014,7/4/2014 0:00,1,Miscellaneous,140,36.836899,-120.403918
TUPMAN,2011,8/15/2011 0:00,0,Equipment Use,138.6,35.3436,-119.6394
EL MIRAGE,2011,5/29/2011 0:00,2,Miscellaneous,138.4,34.6881,-117.5325
ROUND UP,2011,6/1/2011 0:00,0,Miscellaneous,138,35.4169,-117.2005
LANES,2012,8/11/2012 0:00,,Smoking,138,37.044722,-119.4725
WINDY,2012,8/13/2012 0:00,1,Lightning,137,33.88111111,-116.6575
WARD,2015,4/13/2015 0:00,4,Debris Burning,137,40.05083333,-120.7016667
TWENTY SEVEN,2012,9/4/2012 0:00,0,Miscellaneous,137,38.620332,-122.009153
,2012,7/31/2012 0:00,,Missing/Undefined,136.82,34.55794438,-118.1330687
BLACKSMITH,2011,11/30/2011 0:00,14,Debris Burning,135,38.98833333,-120.6166667
ARGYLE,2011,8/27/2011 0:00,,Campfire,135,36.024722,-121.177778
TWIN,2012,6/11/2012 0:00,0,Missing/Undefined,135,35.4739,-118.5164
PENN,2012,7/25/2012 0:00,,Equipment Use,134,38.130278,-120.435278
RED,2015,6/21/2015 0:00,,Debris Burning,134,37.072713,-119.694152
SPANISH,2012,8/31/2012 0:00,1,Miscellaneous,132,40.195267,-124.255767
,2012,6/11/2012 0:00,,Equipment Use,131.7,35.3261,-118.3755
MITCHELL,2010,3/27/2010 0:00,18,Campfire,130,33.3881,-114.7136
COYOTE        CDF 8,2013,8/9/2013 0:00,9,Lightning,130,40.8656,-121.0236
W SANTA FE GRADE  / BRITT,2013,8/13/2013 0:00,7,Missing/Undefined,130,36.9926,-120.708017
,2014,6/10/2014 0:00,0,Miscellaneous,130,37.750383,-120.209567
SWEDES,2013,8/16/2013 0:00,10,Children,129,38.7447,-120.6681
PANTHER,2015,7/30/2015 0:00,10,Lightning,128.59,40.91416667,-123.4411111
DEMOCRAT,2015,8/25/2015 0:00,2,Miscellaneous,128,40.7253,-122.9661
FIREWORKS,2010,7/3/2010 0:00,6,Miscellaneous,127,34.1736,-114.2733
DIABLO GRANDE PKWY / DEL,2013,7/12/2013 0:00,0,Missing/Undefined,127,37.444167,-121.194833
TREE,2012,5/8/2012 0:00,1,Equipment Use,126,34.43833333,-118.2216667
GRANGE,2012,6/15/2012 0:00,0,Arson,126,39.94777778,-122.1708333
WINDY,2010,9/6/2010 0:00,7,Miscellaneous,125,40.1661111,-121.599444
BLACKBURN,2010,8/25/2010 0:00,1,Missing/Undefined,125,35.0775,-118.393056
SCOTT,2010,11/6/2010 0:00,1,Missing/Undefined,125,34.023056,-117.274722
MADISON,2013,4/20/2013 0:00,0,Equipment Use,125,34.15583333,-118.0188889
SARGEANTS,2011,7/1/2011 0:00,,Equipment Use,124,35.894875,-120.781608
BUTTE 2,2012,7/7/2012 0:00,,Equipment Use,124,39.922869,-122.352989
152,2013,6/4/2013 0:00,0,Arson,124,37.070417,-121.0739
SMILEY,2013,5/25/2013 0:00,0,Miscellaneous,124,33.9636,-117.187967
MINERS,2015,7/30/2015 0:00,19,Lightning,124,40.71166667,-123.4338889
CLUB,2015,4/20/2015 0:00,1,Miscellaneous,122,39.1736,-123.0553
,2015,6/18/2015 0:00,0,Miscellaneous,122,38.271333,-121.15285
PEAK,2011,8/9/2011 0:00,2,Miscellaneous,121,35.4139,-118.4811
J59  / RED HILLS RD,2011,9/3/2011 0:00,,Missing/Undefined,121,37.832027,-120.478621
CREEK                    ,2010,9/30/2010 0:00,,Miscellaneous,120,37.345,-120.2519444
BORDER 10                ,2010,9/19/2010 0:00,,Miscellaneous,120,32.66611111,-116.3169444
SKU HAWKINSVILLE,2011,9/1/2011 0:00,7,Miscellaneous,120,41.7917,-120.6583
,2013,11/8/2013 0:00,2,Miscellaneous,120,38.87935,-122.581367
,2014,1/22/2014 0:00,0,Miscellaneous,120,38.802483,-121.451267
EAGLE 2,2015,8/12/2015 0:00,12,Lightning,120,38.22472222,-119.3819444
STEVENS,2013,7/25/2013 0:00,,Missing/Undefined,120,38.041253,-121.988022
3-11 SPLAWN,2015,7/23/2015 0:00,2,Lightning,120,41.304867,-121.1566
MARKS 2,2015,8/13/2015 0:00,0,Miscellaneous,120,38.058931,-120.551321
CANYON,2011,7/5/2011 0:00,,Equipment Use,118,36.986389,-120.926944
GEORGE,2013,6/25/2013 0:00,0,Missing/Undefined,118,36.71435,-119.233917
STERLING,2015,6/25/2015 0:00,3,Miscellaneous,118,34.16666667,-117.2327778
CORCORAN,2014,8/17/2014 0:00,0,Missing/Undefined,117.1,35.717594,-119.633267
NORTHERN,2014,7/2/2014 0:00,1,Lightning,117,41.75694444,-121.3811111
TELEGRAPH                ,2010,6/27/2010 0:00,,Miscellaneous,116,37.93694444,-120.7511111
UNION,2013,8/16/2013 0:00,0,Smoking,116,38.676833,-120.500367
VASCO                    ,2010,6/17/2010 0:00,,Miscellaneous,115,37.82111111,-121.6561111
BUMMER,2010,10/8/2010 0:00,1,Lightning,115,38.3163889,-120.001389
LE GRANGE,2011,9/24/2011 0:00,,Miscellaneous,115,37.826111,-120.473889
,2011,6/22/2011 0:00,,Miscellaneous,115,34.58,-117.8808
CHERRY GLEN RD / PLEASANT,2012,8/23/2012 0:00,,Arson,115,38.336186,-122.02472
LA GRANGE,2012,7/10/2012 0:00,,Missing/Undefined,115,37.698056,-120.468889
KEYS,2010,8/26/2010 0:00,4,Lightning,114,33.9019,-116.1836
BRIDGES 3,2014,4/19/2014 0:00,,Missing/Undefined,113,37.426667,-118.375556
JACKSON,2011,4/10/2011 0:00,5,Arson,112.5,32.7789,-114.6331
,2011,8/27/2011 0:00,,Miscellaneous,112.21,34.6902,-117.9697
SOUTHRIDGE,2011,7/27/2011 0:00,,Equipment Use,112,39.157222,-121.784722
PEUTZ,2013,7/2/2013 0:00,2,Miscellaneous,112,32.891831,-116.826552
,2012,5/11/2012 0:00,,Miscellaneous,111.1,35.00368333,-118.3388333
SHINN,2015,6/30/2015 0:00,6,Lightning,111,40.6622,-120.2036
CLEGHORN,2013,8/17/2013 0:00,0,Equipment Use,110,34.2975,-117.4555556
APPLE,2015,9/3/2015 0:00,0,Miscellaneous,110,38.444401,-121.159962
TULLOCH,2015,8/15/2015 0:00,,Miscellaneous,110,37.839203,-120.626067
LARGOVISTA,2010,8/20/2010 0:00,0,Arson,109,34.4175,-117.768056
,2014,6/20/2014 0:00,1,Equipment Use,109,38.18,-120.676933
WALKER,2015,9/11/2015 0:00,0,Equipment Use,109,40.47003,-122.526992
CURVE                    ,2010,7/21/2010 0:00,,Arson,108,36.03194444,-118.8580556
SANTA,2011,7/7/2011 0:00,0,Miscellaneous,108,37.066935,-120.983381
SALMON,2012,8/15/2012 0:00,,Miscellaneous,108,38.786637,-121.020487
TENAJA,2010,1/14/2010 0:00,0,Debris Burning,107,33.6188889,-117.424444
SHANTY HARRISON,2011,6/20/2011 0:00,6,Arson,107,32.7903,-114.5336
HWY 59  N/ OAKDALE RD,2011,6/11/2011 0:00,,Equipment Use,106,37.415096,-120.511642
,2014,1/25/2014 0:00,0,Missing/Undefined,106,36.861333,-119.348
TECOPA,2010,8/28/2010 0:00,2,Lightning,105.6,35.84858,-116.22649
GULCH,2010,7/25/2010 0:00,1,Lightning,105,39.8444444,-120.238333
HURRICANE,2011,9/10/2011 0:00,1,Lightning,105,34.82861111,-119.8925
WALTZ,2012,6/15/2012 0:00,,Missing/Undefined,105,38.940948,-121.377245
FREEMAN,2013,6/29/2013 0:00,0,Miscellaneous,105,36.158,-120.907583
MESA,2014,11/8/2014 0:00,1,Miscellaneous,105,34.35833333,-117.4372222
ABIGAIL,2011,5/21/2011 0:00,2,Miscellaneous,104.6,34.6503,-117.0747
RIVER,2014,10/23/2014 0:00,0,Missing/Undefined,104,39.664867,-121.9422
MUNJAR,2015,10/2/2015 0:00,0,Equipment Use,104,39.85486,-121.903718
FAY,2010,5/5/2010 0:00,0,Equipment Use,102,35.8386,-118.3989
GOAT,2011,9/10/2011 0:00,1,Lightning,102,34.69861111,-119.9677778
RUTH HILL,2013,8/3/2013 0:00,0,Missing/Undefined,101,36.731333,-119.268733
MDF DH LITTLE,2014,8/12/2014 0:00,4,Lightning,101,41.51444444,-121.27
OREGON,2012,7/8/2012 0:00,,Miscellaneous,100.5,39.573464,-121.518766
TGU GOVER,2012,7/7/2012 0:00,0,Miscellaneous,100.2,40.3975,-122.1397
,2011,5/24/2011 0:00,,Equipment Use,100.1,33.0803,-117.2969
BENITO                   ,2010,8/29/2010 0:00,,Miscellaneous,100,36.67611111,-120.3880556
,2010,6/17/2010 0:00,,Miscellaneous,100,37.78888888,-121.7488889
SITE                     ,2010,7/10/2010 0:00,,Miscellaneous,100,37.63305555,-121.5030556
ALTAMONT 2               ,2010,5/13/2010 0:00,,Equipment Use,100,37.63611111,-121.43
DYER                     ,2010,6/8/2010 0:00,,Miscellaneous,100,38.73611111,-121.3930556
PALMER                   ,2010,9/3/2010 0:00,,Miscellaneous,100,33.95888888,-117.065
GROVEWOOD DR  ELCE       ,2010,9/30/2010 0:00,,Debris Burning,100,33.84194444,-117.5311111
PALA,2010,6/23/2010 0:00,0,Arson,100,33.3664,-117.0611
POTRERO,2010,8/10/2010 0:00,0,Miscellaneous,100,33.9833,-116.8669
CHITTENDEN RD / BLACK B 2,2011,4/22/2011 0:00,,Debris Burning,100,39.914539,-122.279039
AMIGOS,2011,5/28/2011 0:00,,Missing/Undefined,100,36.930392,-120.840358
35TH,2011,6/24/2011 0:00,,Equipment Use,100,33.455934,-114.691106
CRYSTAL,2012,7/1/2012 0:00,,Smoking,100,34.406323,-116.951094
LAGUNA,2012,8/13/2012 0:00,,Miscellaneous,100,36.570833,-121.77
NORD,2012,5/24/2012 0:00,,Missing/Undefined,100,39.775223,-121.911724
17 SUMMIT (OURS) BURRELL,2012,5/26/2012 0:00,,Debris Burning,100,37.141888,-121.985263
WALNUT,2012,11/8/2012 0:00,,Debris Burning,100,36.626917,-119.808787
CHESTER,2012,10/11/2012 0:00,,Missing/Undefined,100,40.278746,-121.253469
W SANDY MUSH RD / HWY 59,2012,7/11/2012 0:00,,Miscellaneous,100,37.18577,-120.488188
HWY 70  / BOYER RD,2012,5/26/2012 0:00,,Debris Burning,100,39.242871,-121.59977
BIZZ JOHNSON DR / 14TH ST,2012,7/19/2012 0:00,,Missing/Undefined,100,39.149578,-121.601011
SCHLEISMAN RD / HELLMAN A,2012,11/3/2012 0:00,,Arson,100,33.96008,-117.610936
CARNEGIE,2012,8/11/2012 0:00,,Miscellaneous,100,37.627383,-121.536833
KIRKER,2012,9/3/2012 0:00,,Miscellaneous,100,37.982222,-121.921111
SPRING,2012,7/7/2012 0:00,,Miscellaneous,100,40.382849,-122.160759
WILDCAT,2013,5/13/2013 0:00,0,Equipment Use,100,32.9836,-116.7886
SUNSET AV / MESA ST 2,2013,5/8/2013 0:00,0,Missing/Undefined,100,33.961933,-116.907233
,2013,3/9/2013 0:00,1,Debris Burning,100,37.364583,-120.878517
AVOCADO,2013,4/20/2013 0:00,0,Miscellaneous,100,33.2806,-117.07805
CANADA,2013,5/26/2013 0:00,0,Miscellaneous,100,37.035617,-121.42085
,2013,2/20/2013 0:00,0,Missing/Undefined,100,33.5983,-116.198517
ROBERT ST / GARFIELD RD,2013,8/22/2013 0:00,0,Missing/Undefined,100,33.717817,-117.283983
CALIFORNIA,2013,8/4/2013 0:00,0,Smoking,100,39.727383,-121.8224
POWERS,2013,8/18/2013 0:00,0,Miscellaneous,100,39.91625,-123.76595
HIGHWAY,2013,7/21/2013 0:00,0,Miscellaneous,100,37.071717,-119.763433
ELM AV  HIGHLAND_CITY 33,2013,8/26/2013 0:00,0,Arson,100,34.12705,-117.2453
MORGAN,2013,7/22/2013 0:00,0,Lightning,100,36.971383,-119.528333
50TH,2013,4/22/2013 0:00,0,Miscellaneous,100,33.704817,-116.177733
BORDER 2,2013,5/22/2013 0:00,0,Missing/Undefined,100,32.5527,-116.919017
GARBO LN  PINE_GROVE,2013,5/10/2013 0:00,0,Children,100,38.390733,-120.64365
SALMON,2013,5/19/2013 0:00,0,Equipment Use,100,38.795267,-121.017417
,2013,10/14/2013 0:00,0,Missing/Undefined,100,32.9047,-116.940117
,2013,11/18/2013 0:00,0,Missing/Undefined,100,36.981717,-120.599433
,2013,12/27/2013 0:00,0,Miscellaneous,100,38.857917,-123.038117
,2013,10/14/2013 0:00,0,Missing/Undefined,100,33.734517,-116.941183
,2013,12/13/2013 0:00,0,Debris Burning,100,40.260683,-122.4592
,2013,12/1/2013 0:00,0,Miscellaneous,100,40.080083,-123.653717
,2013,10/15/2013 0:00,0,Children,100,33.731067,-116.9368
PALA,2014,5/26/2014 0:00,1,Miscellaneous,100,33.36375,-117.057631
WEED 3-4,2014,7/29/2014 0:00,1,Lightning,100,41.448056,-122.500278
OCEAN,2014,7/30/2014 0:00,0,Equipment Use,100,40.4347,-124.3993
WOODLAND,2014,9/16/2014 0:00,0,Equipment Use,100,40.026289,-122.145359
,2014,4/30/2014 0:00,0,Smoking,100,33.9841,-117.292817
BUTTE,2014,8/19/2014 0:00,0,Arson,100,39.517556,-121.590175
,2014,5/1/2014 0:00,0,Children,100,33.6597,-116.181733
SCH FRANK SPARKS SCHOOL W,2014,7/4/2014 0:00,0,Children,100,37.382139,-120.618245
E CHILDS AV / FREMONT ST,2014,7/6/2014 0:00,0,Children,100,37.287925,-120.316814
HAMMACK,2014,11/4/2014 0:00,0,Children,100,33.727977,-117.308176
,2014,6/20/2014 0:00,0,Miscellaneous,100,38.243583,-120.973983
ALVARADO,2014,7/1/2014 0:00,0,Miscellaneous,100,35.947017,-120.875882
SANTA FE DR / PALM AV,2014,7/20/2014 0:00,0,Miscellaneous,100,37.418468,-120.665199
,2014,4/11/2014 0:00,0,Missing/Undefined,100,33.961583,-116.94675
KRAMERIA AV / WASHINGTON,2014,7/29/2014 0:00,0,Missing/Undefined,100,33.879863,-117.367007
CUMMINGS,2014,10/20/2014 0:00,0,Missing/Undefined,100,38.023067,-122.202033
DEER HORN 2,2015,8/1/2015 0:00,11,Lightning,100,41.1794,-123.6647
,2015,4/16/2015 0:00,0,Smoking,100,34.0126,-117.386633
,2015,4/17/2015 0:00,0,Missing/Undefined,100,33.673258,-117.343538
ALESSANDRO BL / REDLANDS,2015,8/8/2015 0:00,0,Missing/Undefined,100,33.917455,-117.156694
SANTA FE DR / EL CAPITAN,2015,9/3/2015 0:00,0,Arson,100,37.433724,-120.675472
DRACAEA,2015,7/4/2015 0:00,0,Miscellaneous,100,33.928191,-117.224403
CHOLLA LN / VERBENIA RD,2015,7/30/2015 0:00,0,Miscellaneous,100,33.750572,-116.399926
BANNER,2015,7/2/2015 0:00,0,Miscellaneous,100,39.251401,-120.990733
SPRINGS 3,2015,7/13/2015 0:00,0,Missing/Undefined,100,33.164255,-117.09831
23,2015,7/29/2015 0:00,0,Missing/Undefined,100,38.682233,-122.065868
SMALLEY - 3,2015,7/10/2015 0:00,,Arson,100,37.087051,-119.539966
PHILLIPSVILLE,2015,9/15/2015 0:00,0,Debris Burning,100,40.21405,-123.7862
ADVENTURE,2015,7/16/2015 0:00,1,Missing/Undefined,100,38.822279,-120.934798
SAN BENITO,2015,7/8/2015 0:00,0,Missing/Undefined,100,36.704859,-120.360545
SOUDER ST  MEAD,2015,11/17/2015 0:00,0,Miscellaneous,100,33.835887,-117.299675
E BIG BEAR BL /S MAPLE LN,2015,10/15/2015 0:00,,Lightning,100,34.261333,-116.826478
BRADEN RD / SNOWS RD,2015,10/29/2015 0:00,,Debris Burning,100,38.714078,-120.676138
NORTH CANYON RD / AUDUBON,2015,10/31/2015 0:00,,Debris Burning,100,38.752859,-120.692193
HETCHY,2014,6/5/2014 0:00,,Miscellaneous,100,37.78754,-120.463946
RUSSELL  (3-9),2010,7/25/2010 0:00,,Miscellaneous,100,40.824722,-121.045556
BRANCH,2013,8/1/2013 0:00,9,Miscellaneous,100,39.663383,-121.503817
FIR,2012,6/9/2012 0:00,0,Debris Burning,100,41.52045,-122.916667
SKYLINE BLVD / LA MIRADA,2013,6/16/2013 0:00,,Missing/Undefined,100,39.506392,-121.484375
SITE,2010,7/10/2010 0:00,0,Miscellaneous,100,37.664833,-121.5745
HIGHLAND,2013,9/28/2013 0:00,,Miscellaneous,100,38.925817,-122.961467
OAK,2015,9/8/2015 0:00,,Missing/Undefined,100,38.049881,-120.312025
RAINBOW DR  LK_SHASTINA,2012,5/22/2012 0:00,0,Children,100,41.514841,-122.383031
TUBBS,2014,3/16/2014 0:00,,Missing/Undefined,100,38.607831,-122.595851
,2013,5/5/2013 0:00,,Powerline,99,35.54158333,-118.96175
BRAMLETTE,2010,3/24/2010 0:00,3,Missing/Undefined,98,37.8114,-118.5208
CAHUILLA,2011,7/17/2011 0:00,1,Arson,97.5,34.5392,-117.0908
THIRTY SIX,2015,8/8/2015 0:00,2,Miscellaneous,97.43,40.346719,-121.861969
CABAZON,2011,8/7/2011 0:00,0,Missing/Undefined,97,33.92244,-116.71956
CORRAL,2012,7/22/2012 0:00,,Miscellaneous,97,37.672222,-121.4575
LITTLE,2013,8/24/2013 0:00,5,Miscellaneous,97,33.64333333,-116.7077778
ROADRUNNER,2013,6/12/2013 0:00,0,Miscellaneous,96,38.279283,-120.965883
DEER,2015,8/1/2015 0:00,9,Lightning,96,39.28305556,-122.8752778
CREEK,2010,7/15/2010 0:00,1,Lightning,95,35.7938889,-118.4425
FREEMAN,2011,7/25/2011 0:00,,Equipment Use,95,36.140278,-121.011389
HORSESHOE,2012,6/21/2012 0:00,1,Missing/Undefined,95,37.952933,-120.6947
MDF WM DAVIS,2013,9/5/2013 0:00,4,Miscellaneous,95,41.76138889,-120.3808333
PINNACLES,2013,7/3/2013 0:00,0,Miscellaneous,95,36.457317,-121.053917
BOARDMAN 2,2015,8/1/2015 0:00,8,Lightning,95,39.46611111,-122.8852778
DEER,2015,7/10/2015 0:00,5,Miscellaneous,95,35.714333,-121.010333
CODY,2012,7/16/2012 0:00,,Equipment Use,94.2,40.111944,-122.231111
CREEK,2013,9/24/2013 0:00,0,Miscellaneous,94,35.43935,-120.8358
IRENE,2014,9/14/2014 0:00,9,Lightning,94,38.59,-120.0275
HENSLEY,2011,7/31/2011 0:00,,Miscellaneous,93,37.098889,-119.874722
MIDOIL 2,2012,5/27/2012 0:00,0,Arson,93,35.1336,-119.5272
PALERMO,2012,6/15/2012 0:00,,Missing/Undefined,93,39.463889,-121.578889
BODIE,2014,7/18/2014 0:00,5,Lightning,93,38.1558,-119.0508
BRANCH,2013,8/9/2013 0:00,0,Missing/Undefined,92,39.6633,-121.5039
PINE,2012,6/5/2012 0:00,1,Missing/Undefined,91,36.827011,-119.336428
RANCH,2010,6/22/2010 0:00,0,Arson,90,33.6658333,-116.936389
BLACK,2010,9/18/2010 0:00,5,Missing/Undefined,90,39.0027778,-120.670278
RIVER,2010,5/26/2010 0:00,,Missing/Undefined,90,34.543611,-117.298889
ARROW COMPLEX,2012,10/4/2012 0:00,,Arson,90,41.451667,-123.908333
FLYNN,2013,6/8/2013 0:00,1,Miscellaneous,90,37.738867,-121.602817
WATER,2013,5/21/2013 0:00,1,Equipment Use,89.6,33.95631,-116.6565
BODEGA,2010,9/25/2010 0:00,1,Miscellaneous,89,38.337002,-122.97672
CLINTON,2013,6/13/2013 0:00,0,Equipment Use,88.52,36.772017,-119.6279
PINE,2011,7/27/2011 0:00,,Children,88,36.073678,-120.938557
LITTLE,2012,6/14/2012 0:00,0,Miscellaneous,88,34.324422,-117.408026
SWAUGER CREEK,2014,7/17/2014 0:00,10,Lightning,87,38.36694444,-119.3461111
SARATOGA,2014,9/3/2014 0:00,2,Miscellaneous,87,39.157924,-122.988889
,2011,9/23/2011 0:00,,Miscellaneous,86.71,34.7246,-118.3786
RIVER,2013,5/31/2013 0:00,0,Missing/Undefined,86.5,37.393817,-120.741317
BACK,2010,8/28/2010 0:00,0,Miscellaneous,86,35.5478,-119.6278
ELK 2,2011,7/11/2011 0:00,0,Powerline,86,35.4708,-119.5878
BORDER 7,2012,5/18/2012 0:00,,Missing/Undefined,86,32.631943,-116.763889
GALLEY,2012,9/3/2012 0:00,,Missing/Undefined,86,35.910526,-118.82668
ADVANCE,2015,7/30/2015 0:00,6,Lightning,86,36.497019,-118.911099
HOLBROOK 2,2011,9/24/2011 0:00,2,Lightning,85.2,41.0897,-120.6753
PANORAMA,2013,7/13/2013 0:00,0,Arson,85,40.422183,-122.259317
,2013,10/14/2013 0:00,0,Debris Burning,85,39.551417,-121.800533
CLINTON,2010,9/1/2010 0:00,1,Equipment Use,85,33.545995,-117.270297
ARDO,2011,8/12/2011 0:00,,Powerline,84,35.946959,-120.876126
SALT/2-2,2012,9/5/2012 0:00,,Miscellaneous,84,37.983056,-120.765278
SPRINGS/2-3,2012,9/5/2012 0:00,,Miscellaneous,84,38.083854,-120.560853
YELLOW,2013,5/1/2013 0:00,2,Miscellaneous,84,38.6423,-122.650717
KYBURZ,2015,7/23/2015 0:00,,Equipment Use,84,38.7675,-120.3588889
MCNAMARA,2015,9/25/2015 0:00,0,Miscellaneous,84,37.229955,-120.670398
OAK,2014,6/22/2014 0:00,,Equipment Use,84,38.065333,-120.656264
ANGEL,2010,8/15/2010 0:00,1,Smoking,83,33.86905,-116.584439
MURRAY,2011,7/25/2011 0:00,,Equipment Use,83,38.200833,-120.615556
CASTRO,2011,9/14/2011 0:00,,Missing/Undefined,83,37.971111,-122.243056
HIRSCHDALE,2014,8/18/2014 0:00,8,Miscellaneous,83,39.38666667,-120.0933333
MADERA,2010,6/10/2010 0:00,0,Missing/Undefined,82.2,37.141288,-120.019112
LONOAK,2012,8/11/2012 0:00,,Debris Burning,82,36.27735,-120.943315
RETECH,2013,11/22/2013 0:00,0,Debris Burning,82,39.044518,-123.150476
MINTO,2010,8/30/2010 0:00,0,Missing/Undefined,81,33.5242,-116.9211
AIRPORT,2011,7/25/2011 0:00,2,Smoking,81,38.7306,-119.7719
I 5  / ORESTIMBA RD,2010,8/22/2010 0:00,0,Missing/Undefined,81,37.321306,-121.100861
MCKEAN,2015,6/28/2015 0:00,0,Missing/Undefined,81,37.196833,-121.812817
WITCHER (4-6),2010,7/26/2010 0:00,1,Lightning,81,41.508867,-120.819167
WILLOW                   ,2010,6/8/2010 0:00,,Arson,80,36.72,-119.7269444
SADDLE,2010,7/15/2010 0:00,1,Lightning,80,33.6161111,-116.900556
SAN TIM,2011,7/20/2011 0:00,,Missing/Undefined,80,33.99545,-117.16108
TUOLUMNE,2011,5/8/2011 0:00,,Debris Burning,80,36.617825,-120.297718
FIDDYMENT,2011,7/1/2011 0:00,,Miscellaneous,80,38.846295,-121.349386
JAMES,2011,7/8/2011 0:00,,Missing/Undefined,80,36.632019,-120.317998
LEASE,2012,8/30/2012 0:00,0,Missing/Undefined,80,35.3103,-119.7244
WILD,2012,3/8/2012 0:00,,Equipment Use,80,36.696616,-120.315997
ADELAIDA,2013,7/7/2013 0:00,0,Missing/Undefined,80,35.622233,-120.836083
CENTERVILLE,2013,8/31/2013 0:00,1,Miscellaneous,80,39.81055,-121.640283
CONEJO,2013,4/9/2013 0:00,0,Missing/Undefined,80,36.51685,-120.151967
INDIAN,2014,5/25/2014 0:00,2,Miscellaneous,80,39.16111111,-122.6027778
MARSH,2014,7/11/2014 0:00,1,Miscellaneous,80,37.893333,-121.853056
FIVEMILE,2015,7/31/2015 0:00,11,Lightning,80,41.75472222,-123.5183333
HARRISON FIRE,2015,6/1/2015 0:00,12,Arson,80,33.57114,-116.17069
,2015,6/1/2015 0:00,2,Miscellaneous,80,33.95215,-116.28435
SPRIG,2015,7/30/2015 0:00,0,Missing/Undefined,80,40.503133,-122.19505
CASA,2014,8/28/2014 0:00,2,Miscellaneous,80,37.06665,-121.323283
,2015,7/18/2015 0:00,,Missing/Undefined,80,34.4496848,-119.7698258
NARROWS,2010,6/16/2010 0:00,,Missing/Undefined,80,33.096667,-116.475556
MURKEN,2013,8/19/2013 0:00,6,Lightning,79,40.87166667,-121.435
WHITEWATER,2011,7/19/2011 0:00,0,Missing/Undefined,78.8,33.92144,-116.71347
BACKUS,2013,3/23/2013 0:00,0,Miscellaneous,78,34.96622,-118.18581
SABINA,2014,7/23/2014 0:00,1,Miscellaneous,78,33.64666667,-116.9386111
FERN,2015,8/2/2015 0:00,1,Miscellaneous,78,40.676667,-121.99495
3 12 CHICO,2015,7/23/2015 0:00,12,Lightning,77.6,40.8558,-121.105
PALMAS,2015,10/15/2015 0:00,7,Lightning,77.2,33.4844,-115.8367
IRVINE FIRE,2010,7/4/2010 0:00,1,Missing/Undefined,77,33.795833,-117.745833
SPANISH TRAIL,2011,5/8/2011 0:00,1,Debris Burning,77,35.9575,-115.9703
GULCH,2013,5/4/2013 0:00,0,Missing/Undefined,77,37.497317,-120.175417
ROCKY 3,2010,9/29/2010 0:00,0,Equipment Use,77,36.285874,-119.063646
CREEK,2012,6/8/2012 0:00,1,Miscellaneous,76.6,33.76694444,-116.8497222
MONTGOMERY,2014,9/7/2014 0:00,4,Smoking,76,37.65888889,-119.9913889
GREEN,2010,8/3/2010 0:00,0,Miscellaneous,75,36.3433333,-121.874722
CANYON,2011,6/11/2011 0:00,,Miscellaneous,75,33.465897,-116.634114
DOME,2011,7/24/2011 0:00,,Equipment Use,75,37.190441,-119.738039
LIBERAL IC TAC 12,2011,6/21/2011 0:00,,Equipment Use,75,39.881667,-122.200278
RANCH 3,2012,7/22/2012 0:00,,Missing/Undefined,75,38.438611,-122.010556
BONNHEIM,2012,3/6/2012 0:00,,Debris Burning,75,35.681432,-120.935631
ANTELOPE,2012,7/8/2012 0:00,0,Missing/Undefined,75,39.283233,-122.312333
LYTLE,2013,5/13/2013 0:00,0,Equipment Use,75,34.19166667,-117.4497222
TEHAMA,2013,9/15/2013 0:00,0,Missing/Undefined,75,40.012083,-122.079817
SILVERADO,2013,4/30/2013 0:00,1,Debris Burning,75,38.455917,-122.363483
,2013,6/26/2013 0:00,,Miscellaneous,75,35.647932,-118.360255
LAKE,2014,7/2/2014 0:00,7,Lightning,75,41.78333333,-121.0197222
,2015,5/17/2015 0:00,0,Miscellaneous,75,37.73655,-121.618267
,2015,6/8/2015 0:00,0,Missing/Undefined,75,38.984883,-121.316683
WEBB,2015,7/1/2015 0:00,0,Miscellaneous,75,39.412967,-121.3825
WEST,2015,7/14/2015 0:00,0,Arson,75,36.732945,-120.341112
OLIVE,2015,9/2/2015 0:00,0,Miscellaneous,75,39.443686,-121.447242
GILMAN,2010,9/5/2010 0:00,,Missing/Undefined,75,33.889516,-117.070814
VALLEY 8,2013,9/26/2013 0:00,,Missing/Undefined,75,32.82486,-116.904094
FIGUEROA,2010,11/16/2010 0:00,1,Miscellaneous,74,34.7466667,-119.9875
MCGANNEY 2,2013,7/8/2013 0:00,0,Missing/Undefined,74,39.19855,-121.29845
ELKHORN,2013,5/23/2013 0:00,0,Miscellaneous,73.4,35.0019,-119.5047
ROSA,2011,8/6/2011 0:00,,Miscellaneous,73,36.893889,-121.354444
LIVEOAK,2013,9/11/2013 0:00,0,Missing/Undefined,73,34.01665,-117.096117
FREMONT,2014,9/16/2014 0:00,13,Lightning,73,38.20472222,-119.5402778
WHITE CASCADE,2015,7/3/2015 0:00,129,Lightning,73,37.91543,-119.39633
LEOPARD,2011,7/26/2011 0:00,,Missing/Undefined,72,40.487721,-122.147679
BIRD,2011,6/27/2011 0:00,,Missing/Undefined,72,37.638056,-121.361111
DIXIE,2015,6/19/2015 0:00,2,Miscellaneous,72,40.875667,-121.033667
GOPHER,2012,7/23/2012 0:00,,Lightning,71,37.895833,-120.655278
TWIN,2015,8/5/2015 0:00,1,Lightning,70.8,41.75694444,-121.4011111
25,2010,5/19/2010 0:00,,Equipment Use,70,36.76694444,-121.3030556
LINCOLN ST  MECC,2011,7/5/2011 0:00,,Children,70,33.584293,-116.078881
AVE 64  / LAS SERENAS ST,2011,7/6/2011 0:00,,Debris Burning,70,33.583925,-116.074998
THEODORE,2011,7/4/2011 0:00,,Children,70,33.584293,-116.078881
RANCHITA,2012,6/18/2012 0:00,,Equipment Use,70,35.808811,-120.53043
SHASTA,2012,7/4/2012 0:00,,Miscellaneous,70,40.156623,-122.221736
SOLWAY,2013,5/3/2013 0:00,0,Miscellaneous,70,34.17611111,-118.1936111
FLANAGAN,2013,9/8/2013 0:00,1,Missing/Undefined,70,40.6739,-122.4014
DOUBLE,2013,8/16/2013 0:00,1,Missing/Undefined,70,39.0301,-122.5002
MADERA,2013,6/15/2013 0:00,0,Missing/Undefined,70,36.976783,-119.793933
RANCH,2014,7/1/2014 0:00,0,Miscellaneous,70,35.705,-118.6172222
,2014,6/12/2014 0:00,0,Equipment Use,70,38.4524,-121.9982
SAN MARCOS,2010,8/23/2010 0:00,,Missing/Undefined,70,38.020433,-121.982883
SEVEN,2011,5/14/2011 0:00,0,Equipment Use,69,35.3106,-119.2625
ALTAMONT,2011,7/23/2011 0:00,,Equipment Use,69,37.719167,-121.660278
AVE 12,2011,8/10/2011 0:00,,Equipment Use,69,36.92308,-119.965009
TOVEY,2012,7/31/2012 0:00,0,Miscellaneous,69,34.55694444,-118.1511111
,2012,7/31/2012 0:00,,Missing/Undefined,68.41,34.933333,-118.233333
LOMA,2010,7/13/2010 0:00,2,Missing/Undefined,68,34.250833,-119.032222
SCHALER,2012,7/15/2012 0:00,1,Missing/Undefined,68,41.9285,-120.0647
ROBINSON,2012,5/28/2012 0:00,,Miscellaneous,68,40.398083,-122.29705
GREEN,2013,9/11/2013 0:00,9,Equipment Use,68,41.4475,-123.5033333
MDF DG RAIL,2013,9/5/2013 0:00,5,Equipment Use,68,41.56944444,-120.9597222
RELAY,2013,8/4/2013 0:00,0,Missing/Undefined,68,33.913917,-117.001
,2014,6/6/2014 0:00,0,Miscellaneous,68,37.546583,-120.1871
,2014,6/14/2014 0:00,0,Missing/Undefined,68,37.6484,-120.492183
JACKSON,2014,9/4/2014 0:00,2,Missing/Undefined,68,37.831639,-120.34341
J59,2010,7/7/2010 0:00,0,Missing/Undefined,68,37.716682,-120.444411
PRARIE,2015,8/20/2015 0:00,2,Miscellaneous,67.92,41.63638889,-121.8627778
FLORIDA,2011,8/28/2011 0:00,2,Miscellaneous,67.4,34.0915,-117.11244
CHURCH,2011,7/11/2011 0:00,9,Lightning,67,35.85472222,-118.3
CORCORAN OR 32,2011,8/2/2011 0:00,0,Missing/Undefined,67,36.0581,-119.5658
SOLEDAD,2012,6/17/2012 0:00,1,Equipment Use,67,34.96056,-118.19531
,2015,5/4/2015 0:00,0,Arson,66.2,36.7171,-119.394283
MILLER,2010,8/17/2010 0:00,3,Miscellaneous,66,34.2666667,-117.316667
GATE,2011,7/26/2011 0:00,,Missing/Undefined,66,37.078294,-119.647847
SPENCEVILLE,2011,9/10/2011 0:00,,Missing/Undefined,66,39.087722,-121.297079
COUNTY,2011,7/14/2011 0:00,,Miscellaneous,66,38.635048,-122.008385
GRANT,2013,7/4/2013 0:00,0,Miscellaneous,66,37.736883,-121.602167
,2015,4/16/2015 0:00,,Smoking,66,33.979127,-117.480859
,2015,5/10/2015 0:00,0,Miscellaneous,66,35.9138,-120.64945
MALLARD,2015,7/29/2015 0:00,1,Miscellaneous,66,40.51034,-122.20492
AIRLINE,2010,8/4/2010 0:00,,Miscellaneous,66,36.606567,-121.196617
SAGE,2011,6/24/2011 0:00,1,Equipment Use,65,33.46944444,-116.9472222
SODA,2011,11/1/2011 0:00,,Miscellaneous,65,38.376667,-122.285556
VALLEY,2012,9/3/2012 0:00,0,Miscellaneous,65,34.6925,-119.1436111
CREEK,2013,5/20/2013 0:00,1,Smoking,65,37.09045,-121.0687
JUNE,2014,9/16/2014 0:00,10,Equipment Use,65,37.76694444,-119.085
,2014,4/30/2014 0:00,1,Miscellaneous,65,36.114983,-121.1288
CEDAR,2013,5/1/2013 0:00,2,Debris Burning,65,40.012,-121.614117
CRAM,2012,4/6/2012 0:00,,Debris Burning,64.2,41.56625,-122.5574
YOSEMITE,2011,8/28/2011 0:00,,Miscellaneous,64,35.570129,-120.47245
BALD,2013,8/19/2013 0:00,1,Miscellaneous,64,35.02083333,-118.2786111
LATROBE,2010,9/27/2010 0:00,1,Miscellaneous,64,38.605554,-121.057307
MAIN,2013,7/13/2013 0:00,,Missing/Undefined,64,33.01757,-116.902938
ROCK,2010,8/13/2010 0:00,5,Arson,63,39.9941667,-121.279444
BORDER 12,2010,10/10/2010 0:00,0,Debris Burning,63,32.58319,-116.570149
BUCKHORN,2011,9/10/2011 0:00,1,Lightning,63,35.04972222,-120.1233333
FRECCERO,2011,9/7/2011 0:00,,Children,63,38.18,-120.57
IVERSON,2012,8/6/2012 0:00,,Miscellaneous,63,36.551164,-121.392874
COLLIER,2013,6/3/2013 0:00,0,Equipment Use,63,38.220083,-121.13425
HARDING,2014,7/29/2014 0:00,23,Lightning,63,39.61138889,-120.3186111
,2013,6/18/2013 0:00,,Missing/Undefined,62.5,34.39643924,-118.8600953
CHAGOOPA,2013,8/18/2013 0:00,71,Lightning,62,36.45701,-118.41698
GALE,2013,7/4/2013 0:00,0,Miscellaneous,62,36.181367,-120.0852
TEJON,2014,8/4/2014 0:00,0,Missing/Undefined,62,35.9044,-118.9239
HERSHEY,2010,7/18/2010 0:00,,Lightning,62,35.912493,-118.767872
NELSON 3,2014,9/21/2014 0:00,2,Missing/Undefined,62,39.025143,-123.180985
SANTA,2010,8/6/2010 0:00,0,Missing/Undefined,62,37.171692,-120.176187
,2011,5/3/2011 0:00,,Equipment Use,61.5,34.7038,-118.2761
WLDCAT FIRE,2011,8/29/2011 0:00,0,Equipment Use,61,32.99075,-116.839089
JAYNE,2011,9/4/2011 0:00,,Miscellaneous,61,36.136667,-120.390278
BORDER 6,2012,5/16/2012 0:00,2,Missing/Undefined,61,32.613238,-116.428074
